year,cmapuid,value
1980,35512,57
1980,24442,219
1980,24444,595
1980,24447,963
1980,24450,656
1980,24454,957
1980,24456,195
1980,24462,691
1980,24465,307
1980,35568,555
1980,35571,792
1980,35575,874
1980,35580,85
1980,35590,717
1980,35565,22
1980,35569,298
1980,24452,947
1980,24468,469
1980,10001,813
1980,10005,569
1980,10011,20
1980,10015,724
1980,11105,981
1980,11110,161
1980,12205,420
1980,12210,732
1980,12215,903
1980,12220,368
1980,12225,246
1980,13305,586
1980,13310,659
1980,13320,631
1980,13328,5
1980,13329,227
1980,10010,913
1980,13330,536
1980,13335,324
1980,24330,623
1980,24403,653
1980,24404,259
1980,24405,342
1980,24406,653
1980,24408,327
1980,24411,208
1980,24412,774
1980,24421,482
1980,24423,969
1980,24430,79
1980,24433,264
1980,24410,17
1980,24485,662
1980,24428,657
1980,24437,732
1980,24440,864
1980,24480,882
1980,24502,867
1980,24505,214
1980,35501,722
1980,35502,717
1980,35505,887
1980,35509,371
1980,46610,369
1980,46640,878
1980,47705,571
1980,47710,109
1980,47715,214
1980,47720,540
1980,47725,936
1980,47735,327
1980,47745,447
1980,47750,180
1980,47840,765
1980,48805,19
1980,48806,49
1980,48810,365
1980,48825,679
1980,35521,815
1980,35522,25
1980,47755,385
1980,48820,317
1980,48821,313
1980,48826,8
1980,35528,492
1980,35529,654
1980,35530,941
1980,35532,91
1980,35527,518
1980,35531,777
1980,35533,334
1980,35535,695
1980,35537,833
1980,35539,799
1980,35541,785
1980,35543,126
1980,35547,121
1980,35550,353
1980,35553,874
1980,35555,668
1980,35556,411
1980,35557,280
1980,35559,652
1980,35562,547
1980,35566,194
1980,35567,700
1980,35544,717
1980,35546,876
1980,59965,645
1980,59975,769
1980,59977,763
1980,60990,434
1980,35595,853
1980,35598,722
1980,46602,213
1980,35582,337
1980,35586,804
1980,46603,161
1980,35507,731
1980,35515,662
1980,35516,63
1980,46605,94
1980,46607,558
1980,59907,399
1980,59913,794
1980,59915,460
1980,59918,564
1980,59920,889
1980,59925,254
1980,59930,562
1980,59932,988
1980,59933,889
1980,59934,861
1980,59935,888
1980,59937,34
1980,59938,643
1980,59939,682
1980,59940,890
1980,59943,88
1980,59944,344
1980,59945,752
1980,59950,188
1980,59952,266
1980,59955,864
1980,59970,850
1980,61995,351
1980,48828,840
1980,48830,10
1980,48831,666
1980,48832,680
1980,48833,566
1980,48835,559
1980,48840,336
1980,48845,73
1980,48850,273
1980,48860,328
1980,48865,56
1980,59905,236
1981,35512,384
1981,24442,618
1981,24444,469
1981,24447,216
1981,24450,57
1981,24454,771
1981,24456,917
1981,24462,305
1981,24465,454
1981,35568,442
1981,35571,530
1981,35575,977
1981,35580,879
1981,35590,325
1981,35565,532
1981,35569,397
1981,24452,36
1981,24468,561
1981,10001,773
1981,10005,300
1981,10011,107
1981,10015,948
1981,11105,657
1981,11110,478
1981,12205,845
1981,12210,390
1981,12215,132
1981,12220,458
1981,12225,966
1981,13305,468
1981,13310,984
1981,13320,294
1981,13328,835
1981,13329,815
1981,10010,630
1981,13330,794
1981,13335,417
1981,24330,869
1981,24403,682
1981,24404,871
1981,24405,383
1981,24406,1
1981,24408,32
1981,24411,762
1981,24412,5
1981,24421,351
1981,24423,183
1981,24430,658
1981,24433,759
1981,24410,60
1981,24485,820
1981,24428,951
1981,24437,707
1981,24440,7
1981,24480,951
1981,24502,419
1981,24505,141
1981,35501,100
1981,35502,801
1981,35505,248
1981,35509,451
1981,46610,749
1981,46640,686
1981,47705,911
1981,47710,537
1981,47715,800
1981,47720,282
1981,47725,63
1981,47735,723
1981,47745,986
1981,47750,164
1981,47840,421
1981,48805,412
1981,48806,711
1981,48810,531
1981,48825,433
1981,35521,483
1981,35522,356
1981,47755,730
1981,48820,30
1981,48821,241
1981,48826,948
1981,35528,467
1981,35529,236
1981,35530,15
1981,35532,991
1981,35527,875
1981,35531,174
1981,35533,911
1981,35535,900
1981,35537,256
1981,35539,840
1981,35541,673
1981,35543,747
1981,35547,758
1981,35550,51
1981,35553,860
1981,35555,925
1981,35556,133
1981,35557,194
1981,35559,514
1981,35562,214
1981,35566,209
1981,35567,388
1981,35544,151
1981,35546,967
1981,59965,22
1981,59975,809
1981,59977,360
1981,60990,499
1981,35595,643
1981,35598,197
1981,46602,52
1981,35582,82
1981,35586,712
1981,46603,894
1981,35507,966
1981,35515,427
1981,35516,279
1981,46605,940
1981,46607,764
1981,59907,206
1981,59913,958
1981,59915,191
1981,59918,192
1981,59920,197
1981,59925,400
1981,59930,594
1981,59932,788
1981,59933,655
1981,59934,94
1981,59935,777
1981,59937,512
1981,59938,314
1981,59939,965
1981,59940,530
1981,59943,134
1981,59944,930
1981,59945,681
1981,59950,215
1981,59952,372
1981,59955,304
1981,59970,706
1981,61995,348
1981,48828,791
1981,48830,642
1981,48831,986
1981,48832,527
1981,48833,949
1981,48835,447
1981,48840,725
1981,48845,920
1981,48850,231
1981,48860,963
1981,48865,161
1981,59905,66
1982,35512,400
1982,24442,478
1982,24444,774
1982,24447,850
1982,24450,507
1982,24454,75
1982,24456,539
1982,24462,210
1982,24465,548
1982,35568,384
1982,35571,823
1982,35575,834
1982,35580,473
1982,35590,392
1982,35565,245
1982,35569,918
1982,24452,596
1982,24468,315
1982,10001,481
1982,10005,145
1982,10011,806
1982,10015,463
1982,11105,907
1982,11110,717
1982,12205,97
1982,12210,873
1982,12215,633
1982,12220,734
1982,12225,413
1982,13305,504
1982,13310,868
1982,13320,524
1982,13328,906
1982,13329,351
1982,10010,215
1982,13330,566
1982,13335,205
1982,24330,301
1982,24403,373
1982,24404,866
1982,24405,91
1982,24406,40
1982,24408,898
1982,24411,366
1982,24412,942
1982,24421,541
1982,24423,422
1982,24430,906
1982,24433,717
1982,24410,82
1982,24485,803
1982,24428,656
1982,24437,266
1982,24440,809
1982,24480,439
1982,24502,743
1982,24505,993
1982,35501,532
1982,35502,670
1982,35505,841
1982,35509,958
1982,46610,979
1982,46640,44
1982,47705,513
1982,47710,356
1982,47715,760
1982,47720,847
1982,47725,722
1982,47735,653
1982,47745,958
1982,47750,717
1982,47840,743
1982,48805,399
1982,48806,820
1982,48810,405
1982,48825,128
1982,35521,771
1982,35522,421
1982,47755,34
1982,48820,633
1982,48821,242
1982,48826,224
1982,35528,427
1982,35529,174
1982,35530,109
1982,35532,801
1982,35527,813
1982,35531,571
1982,35533,828
1982,35535,314
1982,35537,922
1982,35539,275
1982,35541,512
1982,35543,308
1982,35547,527
1982,35550,397
1982,35553,912
1982,35555,982
1982,35556,402
1982,35557,944
1982,35559,584
1982,35562,26
1982,35566,907
1982,35567,82
1982,35544,187
1982,35546,772
1982,59965,106
1982,59975,456
1982,59977,239
1982,60990,660
1982,35595,18
1982,35598,492
1982,46602,423
1982,35582,587
1982,35586,226
1982,46603,199
1982,35507,668
1982,35515,150
1982,35516,808
1982,46605,725
1982,46607,442
1982,59907,666
1982,59913,716
1982,59915,685
1982,59918,102
1982,59920,103
1982,59925,503
1982,59930,896
1982,59932,709
1982,59933,659
1982,59934,328
1982,59935,873
1982,59937,472
1982,59938,188
1982,59939,572
1982,59940,999
1982,59943,295
1982,59944,716
1982,59945,290
1982,59950,676
1982,59952,598
1982,59955,477
1982,59970,674
1982,61995,771
1982,48828,800
1982,48830,905
1982,48831,225
1982,48832,324
1982,48833,279
1982,48835,180
1982,48840,511
1982,48845,161
1982,48850,168
1982,48860,733
1982,48865,381
1982,59905,872
1983,35512,26
1983,24442,143
1983,24444,86
1983,24447,360
1983,24450,570
1983,24454,223
1983,24456,924
1983,24462,441
1983,24465,815
1983,35568,547
1983,35571,447
1983,35575,890
1983,35580,24
1983,35590,614
1983,35565,773
1983,35569,283
1983,24452,160
1983,24468,224
1983,10001,738
1983,10005,599
1983,10011,762
1983,10015,723
1983,11105,472
1983,11110,265
1983,12205,753
1983,12210,509
1983,12215,457
1983,12220,209
1983,12225,4
1983,13305,124
1983,13310,362
1983,13320,818
1983,13328,326
1983,13329,803
1983,10010,556
1983,13330,819
1983,13335,347
1983,24330,906
1983,24403,813
1983,24404,318
1983,24405,661
1983,24406,471
1983,24408,725
1983,24411,552
1983,24412,184
1983,24421,229
1983,24423,606
1983,24430,496
1983,24433,542
1983,24410,604
1983,24485,992
1983,24428,321
1983,24437,720
1983,24440,985
1983,24480,46
1983,24502,277
1983,24505,808
1983,35501,507
1983,35502,165
1983,35505,782
1983,35509,474
1983,46610,72
1983,46640,577
1983,47705,54
1983,47710,953
1983,47715,107
1983,47720,117
1983,47725,449
1983,47735,285
1983,47745,121
1983,47750,442
1983,47840,114
1983,48805,677
1983,48806,141
1983,48810,692
1983,48825,733
1983,35521,870
1983,35522,764
1983,47755,690
1983,48820,354
1983,48821,921
1983,48826,954
1983,35528,474
1983,35529,590
1983,35530,991
1983,35532,177
1983,35527,168
1983,35531,848
1983,35533,471
1983,35535,666
1983,35537,136
1983,35539,963
1983,35541,339
1983,35543,217
1983,35547,25
1983,35550,990
1983,35553,10
1983,35555,794
1983,35556,437
1983,35557,265
1983,35559,15
1983,35562,949
1983,35566,909
1983,35567,773
1983,35544,170
1983,35546,842
1983,59965,850
1983,59975,956
1983,59977,688
1983,60990,75
1983,35595,366
1983,35598,822
1983,46602,547
1983,35582,436
1983,35586,146
1983,46603,739
1983,35507,749
1983,35515,219
1983,35516,453
1983,46605,809
1983,46607,625
1983,59907,98
1983,59913,372
1983,59915,140
1983,59918,867
1983,59920,285
1983,59925,583
1983,59930,309
1983,59932,916
1983,59933,291
1983,59934,453
1983,59935,148
1983,59937,19
1983,59938,75
1983,59939,977
1983,59940,803
1983,59943,929
1983,59944,421
1983,59945,219
1983,59950,122
1983,59952,106
1983,59955,891
1983,59970,438
1983,61995,214
1983,48828,844
1983,48830,548
1983,48831,420
1983,48832,588
1983,48833,216
1983,48835,606
1983,48840,290
1983,48845,537
1983,48850,907
1983,48860,953
1983,48865,832
1983,59905,784
1984,35512,4
1984,24442,398
1984,24444,262
1984,24447,465
1984,24450,801
1984,24454,820
1984,24456,219
1984,24462,30
1984,24465,554
1984,35568,310
1984,35571,841
1984,35575,678
1984,35580,392
1984,35590,979
1984,35565,504
1984,35569,750
1984,24452,724
1984,24468,994
1984,10001,124
1984,10005,691
1984,10011,548
1984,10015,402
1984,11105,402
1984,11110,617
1984,12205,625
1984,12210,491
1984,12215,485
1984,12220,176
1984,12225,468
1984,13305,708
1984,13310,635
1984,13320,980
1984,13328,359
1984,13329,446
1984,10010,731
1984,13330,659
1984,13335,68
1984,24330,137
1984,24403,904
1984,24404,779
1984,24405,785
1984,24406,831
1984,24408,330
1984,24411,339
1984,24412,571
1984,24421,138
1984,24423,594
1984,24430,518
1984,24433,40
1984,24410,122
1984,24485,825
1984,24428,658
1984,24437,617
1984,24440,211
1984,24480,435
1984,24502,401
1984,24505,183
1984,35501,709
1984,35502,993
1984,35505,820
1984,35509,508
1984,46610,191
1984,46640,452
1984,47705,725
1984,47710,485
1984,47715,158
1984,47720,152
1984,47725,694
1984,47735,114
1984,47745,445
1984,47750,409
1984,47840,668
1984,48805,457
1984,48806,896
1984,48810,893
1984,48825,108
1984,35521,921
1984,35522,373
1984,47755,332
1984,48820,153
1984,48821,287
1984,48826,111
1984,35528,237
1984,35529,65
1984,35530,528
1984,35532,952
1984,35527,918
1984,35531,778
1984,35533,134
1984,35535,398
1984,35537,33
1984,35539,441
1984,35541,120
1984,35543,475
1984,35547,285
1984,35550,177
1984,35553,595
1984,35555,207
1984,35556,341
1984,35557,749
1984,35559,351
1984,35562,112
1984,35566,62
1984,35567,830
1984,35544,391
1984,35546,310
1984,59965,354
1984,59975,407
1984,59977,627
1984,60990,65
1984,35595,893
1984,35598,977
1984,46602,691
1984,35582,36
1984,35586,858
1984,46603,517
1984,35507,167
1984,35515,196
1984,35516,215
1984,46605,721
1984,46607,476
1984,59907,410
1984,59913,584
1984,59915,98
1984,59918,762
1984,59920,552
1984,59925,15
1984,59930,210
1984,59932,14
1984,59933,433
1984,59934,983
1984,59935,802
1984,59937,590
1984,59938,886
1984,59939,399
1984,59940,434
1984,59943,472
1984,59944,657
1984,59945,724
1984,59950,158
1984,59952,749
1984,59955,795
1984,59970,240
1984,61995,393
1984,48828,221
1984,48830,118
1984,48831,114
1984,48832,302
1984,48833,128
1984,48835,142
1984,48840,3
1984,48845,148
1984,48850,841
1984,48860,342
1984,48865,390
1984,59905,193
1985,35512,933
1985,24442,69
1985,24444,936
1985,24447,843
1985,24450,896
1985,24454,529
1985,24456,434
1985,24462,244
1985,24465,244
1985,35568,397
1985,35571,69
1985,35575,845
1985,35580,608
1985,35590,298
1985,35565,642
1985,35569,729
1985,24452,550
1985,24468,615
1985,10001,499
1985,10005,713
1985,10011,593
1985,10015,954
1985,11105,844
1985,11110,747
1985,12205,353
1985,12210,69
1985,12215,362
1985,12220,165
1985,12225,651
1985,13305,678
1985,13310,39
1985,13320,638
1985,13328,581
1985,13329,380
1985,10010,173
1985,13330,21
1985,13335,693
1985,24330,466
1985,24403,650
1985,24404,385
1985,24405,595
1985,24406,438
1985,24408,533
1985,24411,654
1985,24412,747
1985,24421,176
1985,24423,412
1985,24430,491
1985,24433,469
1985,24410,845
1985,24485,570
1985,24428,7
1985,24437,349
1985,24440,807
1985,24480,809
1985,24502,91
1985,24505,641
1985,35501,886
1985,35502,652
1985,35505,232
1985,35509,702
1985,46610,456
1985,46640,406
1985,47705,458
1985,47710,923
1985,47715,109
1985,47720,823
1985,47725,68
1985,47735,749
1985,47745,630
1985,47750,361
1985,47840,180
1985,48805,554
1985,48806,762
1985,48810,570
1985,48825,83
1985,35521,513
1985,35522,718
1985,47755,482
1985,48820,423
1985,48821,371
1985,48826,386
1985,35528,844
1985,35529,180
1985,35530,827
1985,35532,418
1985,35527,841
1985,35531,302
1985,35533,553
1985,35535,443
1985,35537,905
1985,35539,623
1985,35541,531
1985,35543,524
1985,35547,740
1985,35550,963
1985,35553,622
1985,35555,949
1985,35556,890
1985,35557,813
1985,35559,325
1985,35562,833
1985,35566,452
1985,35567,622
1985,35544,172
1985,35546,584
1985,59965,692
1985,59975,549
1985,59977,883
1985,60990,165
1985,35595,573
1985,35598,407
1985,46602,643
1985,35582,9
1985,35586,526
1985,46603,122
1985,35507,532
1985,35515,37
1985,35516,188
1985,46605,464
1985,46607,755
1985,59907,909
1985,59913,552
1985,59915,532
1985,59918,669
1985,59920,107
1985,59925,768
1985,59930,743
1985,59932,38
1985,59933,751
1985,59934,924
1985,59935,724
1985,59937,496
1985,59938,935
1985,59939,643
1985,59940,461
1985,59943,383
1985,59944,776
1985,59945,159
1985,59950,917
1985,59952,883
1985,59955,401
1985,59970,820
1985,61995,972
1985,48828,815
1985,48830,822
1985,48831,337
1985,48832,974
1985,48833,698
1985,48835,689
1985,48840,473
1985,48845,193
1985,48850,300
1985,48860,27
1985,48865,402
1985,59905,881
1986,35512,189
1986,24442,970
1986,24444,93
1986,24447,824
1986,24450,256
1986,24454,960
1986,24456,700
1986,24462,415
1986,24465,932
1986,35568,81
1986,35571,264
1986,35575,124
1986,35580,140
1986,35590,990
1986,35565,314
1986,35569,899
1986,24452,951
1986,24468,321
1986,10001,387
1986,10005,44
1986,10011,325
1986,10015,600
1986,11105,989
1986,11110,321
1986,12205,200
1986,12210,460
1986,12215,65
1986,12220,382
1986,12225,264
1986,13305,309
1986,13310,280
1986,13320,382
1986,13328,101
1986,13329,214
1986,10010,262
1986,13330,552
1986,13335,629
1986,24330,708
1986,24403,741
1986,24404,16
1986,24405,311
1986,24406,278
1986,24408,506
1986,24411,705
1986,24412,36
1986,24421,164
1986,24423,830
1986,24430,530
1986,24433,385
1986,24410,561
1986,24485,715
1986,24428,383
1986,24437,959
1986,24440,372
1986,24480,242
1986,24502,295
1986,24505,355
1986,35501,160
1986,35502,638
1986,35505,43
1986,35509,114
1986,46610,989
1986,46640,176
1986,47705,707
1986,47710,747
1986,47715,4
1986,47720,182
1986,47725,319
1986,47735,953
1986,47745,928
1986,47750,516
1986,47840,285
1986,48805,416
1986,48806,65
1986,48810,862
1986,48825,831
1986,35521,104
1986,35522,556
1986,47755,220
1986,48820,156
1986,48821,572
1986,48826,180
1986,35528,962
1986,35529,212
1986,35530,680
1986,35532,450
1986,35527,566
1986,35531,985
1986,35533,472
1986,35535,389
1986,35537,9
1986,35539,850
1986,35541,404
1986,35543,935
1986,35547,412
1986,35550,646
1986,35553,931
1986,35555,678
1986,35556,779
1986,35557,856
1986,35559,500
1986,35562,446
1986,35566,408
1986,35567,539
1986,35544,46
1986,35546,910
1986,59965,12
1986,59975,671
1986,59977,698
1986,60990,168
1986,35595,16
1986,35598,170
1986,46602,159
1986,35582,599
1986,35586,212
1986,46603,66
1986,35507,52
1986,35515,395
1986,35516,15
1986,46605,554
1986,46607,915
1986,59907,484
1986,59913,836
1986,59915,822
1986,59918,398
1986,59920,75
1986,59925,8
1986,59930,512
1986,59932,601
1986,59933,829
1986,59934,161
1986,59935,548
1986,59937,945
1986,59938,173
1986,59939,590
1986,59940,280
1986,59943,446
1986,59944,230
1986,59945,243
1986,59950,249
1986,59952,342
1986,59955,411
1986,59970,645
1986,61995,91
1986,48828,44
1986,48830,252
1986,48831,387
1986,48832,542
1986,48833,475
1986,48835,510
1986,48840,286
1986,48845,46
1986,48850,763
1986,48860,303
1986,48865,102
1986,59905,986
1987,35512,441
1987,24442,542
1987,24444,271
1987,24447,184
1987,24450,12
1987,24454,69
1987,24456,510
1987,24462,946
1987,24465,328
1987,35568,446
1987,35571,99
1987,35575,751
1987,35580,147
1987,35590,156
1987,35565,691
1987,35569,22
1987,24452,983
1987,24468,780
1987,10001,717
1987,10005,971
1987,10011,389
1987,10015,716
1987,11105,651
1987,11110,4
1987,12205,402
1987,12210,536
1987,12215,336
1987,12220,407
1987,12225,679
1987,13305,831
1987,13310,648
1987,13320,442
1987,13328,772
1987,13329,364
1987,10010,548
1987,13330,76
1987,13335,91
1987,24330,101
1987,24403,347
1987,24404,74
1987,24405,294
1987,24406,831
1987,24408,645
1987,24411,918
1987,24412,748
1987,24421,35
1987,24423,22
1987,24430,997
1987,24433,369
1987,24410,613
1987,24485,229
1987,24428,312
1987,24437,184
1987,24440,551
1987,24480,605
1987,24502,247
1987,24505,523
1987,35501,926
1987,35502,839
1987,35505,389
1987,35509,749
1987,46610,293
1987,46640,642
1987,47705,753
1987,47710,879
1987,47715,625
1987,47720,59
1987,47725,869
1987,47735,610
1987,47745,463
1987,47750,955
1987,47840,176
1987,48805,743
1987,48806,334
1987,48810,646
1987,48825,509
1987,35521,770
1987,35522,413
1987,47755,277
1987,48820,904
1987,48821,554
1987,48826,307
1987,35528,694
1987,35529,360
1987,35530,519
1987,35532,660
1987,35527,218
1987,35531,202
1987,35533,64
1987,35535,977
1987,35537,106
1987,35539,580
1987,35541,917
1987,35543,976
1987,35547,248
1987,35550,657
1987,35553,260
1987,35555,303
1987,35556,682
1987,35557,229
1987,35559,19
1987,35562,840
1987,35566,508
1987,35567,809
1987,35544,724
1987,35546,225
1987,59965,233
1987,59975,239
1987,59977,265
1987,60990,468
1987,35595,153
1987,35598,866
1987,46602,558
1987,35582,929
1987,35586,270
1987,46603,729
1987,35507,323
1987,35515,464
1987,35516,867
1987,46605,778
1987,46607,457
1987,59907,494
1987,59913,128
1987,59915,468
1987,59918,124
1987,59920,422
1987,59925,829
1987,59930,98
1987,59932,734
1987,59933,970
1987,59934,454
1987,59935,851
1987,59937,908
1987,59938,581
1987,59939,165
1987,59940,228
1987,59943,590
1987,59944,822
1987,59945,689
1987,59950,778
1987,59952,364
1987,59955,795
1987,59970,477
1987,61995,12
1987,48828,811
1987,48830,181
1987,48831,499
1987,48832,640
1987,48833,323
1987,48835,573
1987,48840,340
1987,48845,384
1987,48850,140
1987,48860,143
1987,48865,990
1987,59905,232
1988,35512,362
1988,24442,348
1988,24444,198
1988,24447,545
1988,24450,13
1988,24454,171
1988,24456,866
1988,24462,821
1988,24465,168
1988,35568,755
1988,35571,876
1988,35575,894
1988,35580,254
1988,35590,368
1988,35565,897
1988,35569,441
1988,24452,889
1988,24468,916
1988,10001,246
1988,10005,515
1988,10011,900
1988,10015,355
1988,11105,827
1988,11110,586
1988,12205,4
1988,12210,441
1988,12215,931
1988,12220,472
1988,12225,27
1988,13305,643
1988,13310,98
1988,13320,5
1988,13328,223
1988,13329,41
1988,10010,782
1988,13330,170
1988,13335,411
1988,24330,254
1988,24403,748
1988,24404,954
1988,24405,253
1988,24406,640
1988,24408,34
1988,24411,276
1988,24412,45
1988,24421,197
1988,24423,339
1988,24430,800
1988,24433,553
1988,24410,610
1988,24485,234
1988,24428,250
1988,24437,99
1988,24440,680
1988,24480,437
1988,24502,189
1988,24505,547
1988,35501,568
1988,35502,407
1988,35505,311
1988,35509,347
1988,46610,788
1988,46640,305
1988,47705,405
1988,47710,227
1988,47715,262
1988,47720,211
1988,47725,414
1988,47735,555
1988,47745,815
1988,47750,515
1988,47840,42
1988,48805,304
1988,48806,851
1988,48810,592
1988,48825,245
1988,35521,555
1988,35522,613
1988,47755,757
1988,48820,199
1988,48821,330
1988,48826,493
1988,35528,387
1988,35529,443
1988,35530,520
1988,35532,853
1988,35527,535
1988,35531,17
1988,35533,924
1988,35535,842
1988,35537,774
1988,35539,507
1988,35541,356
1988,35543,747
1988,35547,758
1988,35550,694
1988,35553,611
1988,35555,85
1988,35556,17
1988,35557,3
1988,35559,330
1988,35562,587
1988,35566,986
1988,35567,209
1988,35544,158
1988,35546,701
1988,59965,311
1988,59975,732
1988,59977,830
1988,60990,451
1988,35595,544
1988,35598,956
1988,46602,645
1988,35582,696
1988,35586,986
1988,46603,581
1988,35507,101
1988,35515,784
1988,35516,752
1988,46605,445
1988,46607,518
1988,59907,852
1988,59913,900
1988,59915,377
1988,59918,890
1988,59920,566
1988,59925,731
1988,59930,181
1988,59932,909
1988,59933,15
1988,59934,607
1988,59935,712
1988,59937,727
1988,59938,891
1988,59939,940
1988,59940,832
1988,59943,817
1988,59944,862
1988,59945,698
1988,59950,501
1988,59952,832
1988,59955,625
1988,59970,562
1988,61995,886
1988,48828,197
1988,48830,309
1988,48831,332
1988,48832,193
1988,48833,706
1988,48835,920
1988,48840,462
1988,48845,276
1988,48850,471
1988,48860,953
1988,48865,103
1988,59905,938
1989,35512,447
1989,24442,92
1989,24444,400
1989,24447,597
1989,24450,655
1989,24454,780
1989,24456,716
1989,24462,542
1989,24465,291
1989,35568,791
1989,35571,446
1989,35575,202
1989,35580,199
1989,35590,34
1989,35565,626
1989,35569,786
1989,24452,176
1989,24468,748
1989,10001,963
1989,10005,371
1989,10011,688
1989,10015,326
1989,11105,937
1989,11110,808
1989,12205,53
1989,12210,154
1989,12215,99
1989,12220,200
1989,12225,905
1989,13305,420
1989,13310,124
1989,13320,746
1989,13328,34
1989,13329,87
1989,10010,895
1989,13330,497
1989,13335,219
1989,24330,128
1989,24403,317
1989,24404,618
1989,24405,757
1989,24406,531
1989,24408,247
1989,24411,162
1989,24412,145
1989,24421,199
1989,24423,506
1989,24430,392
1989,24433,444
1989,24410,279
1989,24485,751
1989,24428,275
1989,24437,621
1989,24440,264
1989,24480,568
1989,24502,755
1989,24505,863
1989,35501,514
1989,35502,739
1989,35505,19
1989,35509,591
1989,46610,412
1989,46640,853
1989,47705,563
1989,47710,536
1989,47715,565
1989,47720,505
1989,47725,637
1989,47735,998
1989,47745,878
1989,47750,837
1989,47840,150
1989,48805,160
1989,48806,961
1989,48810,443
1989,48825,228
1989,35521,765
1989,35522,258
1989,47755,20
1989,48820,984
1989,48821,865
1989,48826,829
1989,35528,511
1989,35529,885
1989,35530,513
1989,35532,168
1989,35527,845
1989,35531,407
1989,35533,322
1989,35535,861
1989,35537,844
1989,35539,429
1989,35541,583
1989,35543,447
1989,35547,625
1989,35550,483
1989,35553,821
1989,35555,992
1989,35556,847
1989,35557,524
1989,35559,308
1989,35562,202
1989,35566,761
1989,35567,5
1989,35544,924
1989,35546,890
1989,59965,381
1989,59975,959
1989,59977,947
1989,60990,780
1989,35595,126
1989,35598,878
1989,46602,102
1989,35582,189
1989,35586,805
1989,46603,340
1989,35507,966
1989,35515,165
1989,35516,789
1989,46605,960
1989,46607,271
1989,59907,121
1989,59913,570
1989,59915,770
1989,59918,127
1989,59920,729
1989,59925,294
1989,59930,204
1989,59932,936
1989,59933,409
1989,59934,950
1989,59935,799
1989,59937,155
1989,59938,608
1989,59939,769
1989,59940,934
1989,59943,219
1989,59944,820
1989,59945,579
1989,59950,699
1989,59952,29
1989,59955,987
1989,59970,343
1989,61995,408
1989,48828,152
1989,48830,138
1989,48831,272
1989,48832,145
1989,48833,737
1989,48835,460
1989,48840,298
1989,48845,517
1989,48850,340
1989,48860,995
1989,48865,880
1989,59905,949
1990,35512,438
1990,24442,520
1990,24444,590
1990,24447,133
1990,24450,251
1990,24454,708
1990,24456,878
1990,24462,794
1990,24465,559
1990,35568,621
1990,35571,452
1990,35575,952
1990,35580,578
1990,35590,694
1990,35565,47
1990,35569,636
1990,24452,582
1990,24468,356
1990,10001,607
1990,10005,832
1990,10011,50
1990,10015,180
1990,11105,937
1990,11110,552
1990,12205,328
1990,12210,654
1990,12215,477
1990,12220,44
1990,12225,153
1990,13305,699
1990,13310,120
1990,13320,236
1990,13328,645
1990,13329,881
1990,10010,334
1990,13330,350
1990,13335,179
1990,24330,682
1990,24403,494
1990,24404,783
1990,24405,769
1990,24406,982
1990,24408,244
1990,24411,671
1990,24412,877
1990,24421,532
1990,24423,429
1990,24430,138
1990,24433,350
1990,24410,687
1990,24485,312
1990,24428,780
1990,24437,343
1990,24440,198
1990,24480,93
1990,24502,897
1990,24505,783
1990,35501,905
1990,35502,574
1990,35505,399
1990,35509,714
1990,46610,456
1990,46640,247
1990,47705,585
1990,47710,420
1990,47715,293
1990,47720,767
1990,47725,514
1990,47735,490
1990,47745,760
1990,47750,696
1990,47840,467
1990,48805,438
1990,48806,544
1990,48810,978
1990,48825,741
1990,35521,521
1990,35522,331
1990,47755,668
1990,48820,962
1990,48821,950
1990,48826,975
1990,35528,508
1990,35529,992
1990,35530,117
1990,35532,896
1990,35527,107
1990,35531,795
1990,35533,603
1990,35535,55
1990,35537,874
1990,35539,978
1990,35541,567
1990,35543,337
1990,35547,194
1990,35550,77
1990,35553,342
1990,35555,434
1990,35556,497
1990,35557,207
1990,35559,484
1990,35562,390
1990,35566,927
1990,35567,787
1990,35544,886
1990,35546,547
1990,59965,5
1990,59975,521
1990,59977,23
1990,60990,165
1990,35595,333
1990,35598,192
1990,46602,226
1990,35582,377
1990,35586,669
1990,46603,343
1990,35507,729
1990,35515,69
1990,35516,550
1990,46605,438
1990,46607,154
1990,59907,861
1990,59913,802
1990,59915,759
1990,59918,298
1990,59920,382
1990,59925,879
1990,59930,135
1990,59932,87
1990,59933,840
1990,59934,483
1990,59935,422
1990,59937,821
1990,59938,848
1990,59939,31
1990,59940,625
1990,59943,823
1990,59944,96
1990,59945,358
1990,59950,60
1990,59952,186
1990,59955,409
1990,59970,254
1990,61995,753
1990,48828,394
1990,48830,3
1990,48831,953
1990,48832,575
1990,48833,468
1990,48835,363
1990,48840,488
1990,48845,502
1990,48850,278
1990,48860,525
1990,48865,221
1990,59905,613
1991,35512,85
1991,24442,321
1991,24444,394
1991,24447,489
1991,24450,433
1991,24454,979
1991,24456,571
1991,24462,349
1991,24465,693
1991,35568,638
1991,35571,353
1991,35575,112
1991,35580,628
1991,35590,510
1991,35565,530
1991,35569,446
1991,24452,350
1991,24468,686
1991,10001,390
1991,10005,427
1991,10011,634
1991,10015,836
1991,11105,48
1991,11110,250
1991,12205,479
1991,12210,479
1991,12215,162
1991,12220,301
1991,12225,405
1991,13305,617
1991,13310,289
1991,13320,28
1991,13328,183
1991,13329,687
1991,10010,317
1991,13330,386
1991,13335,515
1991,24330,331
1991,24403,899
1991,24404,59
1991,24405,879
1991,24406,526
1991,24408,912
1991,24411,474
1991,24412,88
1991,24421,140
1991,24423,539
1991,24430,668
1991,24433,765
1991,24410,40
1991,24485,975
1991,24428,33
1991,24437,529
1991,24440,244
1991,24480,751
1991,24502,962
1991,24505,284
1991,35501,67
1991,35502,626
1991,35505,748
1991,35509,486
1991,46610,29
1991,46640,55
1991,47705,725
1991,47710,528
1991,47715,772
1991,47720,713
1991,47725,513
1991,47735,615
1991,47745,13
1991,47750,891
1991,47840,944
1991,48805,159
1991,48806,894
1991,48810,763
1991,48825,244
1991,35521,879
1991,35522,141
1991,47755,651
1991,48820,76
1991,48821,327
1991,48826,331
1991,35528,739
1991,35529,599
1991,35530,201
1991,35532,974
1991,35527,591
1991,35531,914
1991,35533,476
1991,35535,143
1991,35537,240
1991,35539,552
1991,35541,826
1991,35543,719
1991,35547,144
1991,35550,371
1991,35553,522
1991,35555,59
1991,35556,744
1991,35557,158
1991,35559,890
1991,35562,643
1991,35566,247
1991,35567,86
1991,35544,144
1991,35546,48
1991,59965,649
1991,59975,285
1991,59977,391
1991,60990,889
1991,35595,986
1991,35598,434
1991,46602,474
1991,35582,454
1991,35586,734
1991,46603,257
1991,35507,589
1991,35515,223
1991,35516,101
1991,46605,757
1991,46607,779
1991,59907,533
1991,59913,616
1991,59915,784
1991,59918,104
1991,59920,109
1991,59925,273
1991,59930,739
1991,59932,233
1991,59933,816
1991,59934,642
1991,59935,478
1991,59937,258
1991,59938,488
1991,59939,49
1991,59940,996
1991,59943,710
1991,59944,100
1991,59945,195
1991,59950,412
1991,59952,893
1991,59955,826
1991,59970,110
1991,61995,592
1991,48828,919
1991,48830,565
1991,48831,437
1991,48832,644
1991,48833,810
1991,48835,463
1991,48840,151
1991,48845,819
1991,48850,852
1991,48860,10
1991,48865,802
1991,59905,441
1992,35512,113
1992,24442,357
1992,24444,200
1992,24447,345
1992,24450,832
1992,24454,846
1992,24456,649
1992,24462,273
1992,24465,609
1992,35568,978
1992,35571,130
1992,35575,721
1992,35580,262
1992,35590,548
1992,35565,484
1992,35569,403
1992,24452,807
1992,24468,228
1992,10001,53
1992,10005,669
1992,10011,593
1992,10015,156
1992,11105,564
1992,11110,55
1992,12205,761
1992,12210,113
1992,12215,722
1992,12220,212
1992,12225,440
1992,13305,162
1992,13310,751
1992,13320,602
1992,13328,828
1992,13329,723
1992,10010,737
1992,13330,921
1992,13335,658
1992,24330,23
1992,24403,929
1992,24404,649
1992,24405,754
1992,24406,979
1992,24408,875
1992,24411,946
1992,24412,712
1992,24421,864
1992,24423,490
1992,24430,275
1992,24433,556
1992,24410,880
1992,24485,72
1992,24428,604
1992,24437,301
1992,24440,842
1992,24480,680
1992,24502,142
1992,24505,903
1992,35501,255
1992,35502,708
1992,35505,12
1992,35509,837
1992,46610,875
1992,46640,164
1992,47705,513
1992,47710,517
1992,47715,419
1992,47720,863
1992,47725,514
1992,47735,639
1992,47745,842
1992,47750,848
1992,47840,834
1992,48805,396
1992,48806,55
1992,48810,519
1992,48825,708
1992,35521,131
1992,35522,359
1992,47755,978
1992,48820,299
1992,48821,141
1992,48826,74
1992,35528,136
1992,35529,50
1992,35530,627
1992,35532,160
1992,35527,92
1992,35531,282
1992,35533,967
1992,35535,851
1992,35537,853
1992,35539,205
1992,35541,951
1992,35543,552
1992,35547,261
1992,35550,830
1992,35553,739
1992,35555,178
1992,35556,814
1992,35557,293
1992,35559,463
1992,35562,531
1992,35566,927
1992,35567,806
1992,35544,376
1992,35546,340
1992,59965,270
1992,59975,281
1992,59977,524
1992,60990,453
1992,35595,642
1992,35598,90
1992,46602,7
1992,35582,378
1992,35586,304
1992,46603,370
1992,35507,44
1992,35515,378
1992,35516,991
1992,46605,528
1992,46607,56
1992,59907,915
1992,59913,407
1992,59915,554
1992,59918,249
1992,59920,104
1992,59925,874
1992,59930,13
1992,59932,602
1992,59933,941
1992,59934,233
1992,59935,404
1992,59937,957
1992,59938,899
1992,59939,898
1992,59940,471
1992,59943,679
1992,59944,805
1992,59945,723
1992,59950,686
1992,59952,710
1992,59955,562
1992,59970,9
1992,61995,965
1992,48828,578
1992,48830,956
1992,48831,218
1992,48832,491
1992,48833,231
1992,48835,821
1992,48840,734
1992,48845,633
1992,48850,247
1992,48860,578
1992,48865,668
1992,59905,653
1993,35512,827
1993,24442,852
1993,24444,531
1993,24447,260
1993,24450,121
1993,24454,476
1993,24456,194
1993,24462,391
1993,24465,73
1993,35568,641
1993,35571,5
1993,35575,28
1993,35580,27
1993,35590,491
1993,35565,370
1993,35569,854
1993,24452,635
1993,24468,219
1993,10001,296
1993,10005,84
1993,10011,275
1993,10015,593
1993,11105,710
1993,11110,86
1993,12205,525
1993,12210,795
1993,12215,350
1993,12220,557
1993,12225,164
1993,13305,597
1993,13310,677
1993,13320,65
1993,13328,598
1993,13329,996
1993,10010,848
1993,13330,249
1993,13335,582
1993,24330,29
1993,24403,301
1993,24404,821
1993,24405,324
1993,24406,894
1993,24408,465
1993,24411,842
1993,24412,4
1993,24421,89
1993,24423,756
1993,24430,655
1993,24433,357
1993,24410,319
1993,24485,830
1993,24428,547
1993,24437,422
1993,24440,377
1993,24480,898
1993,24502,250
1993,24505,336
1993,35501,317
1993,35502,471
1993,35505,32
1993,35509,535
1993,46610,100
1993,46640,50
1993,47705,306
1993,47710,635
1993,47715,372
1993,47720,328
1993,47725,602
1993,47735,357
1993,47745,71
1993,47750,621
1993,47840,217
1993,48805,423
1993,48806,366
1993,48810,503
1993,48825,555
1993,35521,158
1993,35522,319
1993,47755,235
1993,48820,95
1993,48821,723
1993,48826,94
1993,35528,904
1993,35529,36
1993,35530,29
1993,35532,655
1993,35527,507
1993,35531,920
1993,35533,46
1993,35535,368
1993,35537,850
1993,35539,917
1993,35541,942
1993,35543,136
1993,35547,258
1993,35550,8
1993,35553,942
1993,35555,857
1993,35556,766
1993,35557,874
1993,35559,293
1993,35562,554
1993,35566,551
1993,35567,265
1993,35544,793
1993,35546,417
1993,59965,116
1993,59975,13
1993,59977,553
1993,60990,201
1993,35595,71
1993,35598,652
1993,46602,125
1993,35582,919
1993,35586,111
1993,46603,79
1993,35507,505
1993,35515,836
1993,35516,755
1993,46605,205
1993,46607,487
1993,59907,394
1993,59913,872
1993,59915,856
1993,59918,651
1993,59920,208
1993,59925,984
1993,59930,518
1993,59932,227
1993,59933,360
1993,59934,694
1993,59935,348
1993,59937,383
1993,59938,846
1993,59939,422
1993,59940,762
1993,59943,556
1993,59944,982
1993,59945,225
1993,59950,670
1993,59952,528
1993,59955,160
1993,59970,568
1993,61995,544
1993,48828,527
1993,48830,492
1993,48831,78
1993,48832,944
1993,48833,88
1993,48835,413
1993,48840,599
1993,48845,920
1993,48850,626
1993,48860,892
1993,48865,65
1993,59905,814
1994,35512,292
1994,24442,733
1994,24444,207
1994,24447,213
1994,24450,756
1994,24454,780
1994,24456,841
1994,24462,864
1994,24465,240
1994,35568,775
1994,35571,111
1994,35575,963
1994,35580,127
1994,35590,713
1994,35565,412
1994,35569,228
1994,24452,892
1994,24468,962
1994,10001,385
1994,10005,444
1994,10011,586
1994,10015,389
1994,11105,137
1994,11110,460
1994,12205,21
1994,12210,29
1994,12215,229
1994,12220,810
1994,12225,657
1994,13305,996
1994,13310,685
1994,13320,710
1994,13328,684
1994,13329,564
1994,10010,133
1994,13330,803
1994,13335,664
1994,24330,596
1994,24403,663
1994,24404,32
1994,24405,299
1994,24406,739
1994,24408,163
1994,24411,914
1994,24412,253
1994,24421,875
1994,24423,87
1994,24430,186
1994,24433,408
1994,24410,182
1994,24485,675
1994,24428,338
1994,24437,224
1994,24440,237
1994,24480,9
1994,24502,172
1994,24505,841
1994,35501,778
1994,35502,586
1994,35505,372
1994,35509,240
1994,46610,697
1994,46640,230
1994,47705,862
1994,47710,742
1994,47715,207
1994,47720,974
1994,47725,139
1994,47735,619
1994,47745,514
1994,47750,621
1994,47840,772
1994,48805,610
1994,48806,485
1994,48810,196
1994,48825,81
1994,35521,550
1994,35522,406
1994,47755,694
1994,48820,660
1994,48821,207
1994,48826,161
1994,35528,314
1994,35529,581
1994,35530,55
1994,35532,706
1994,35527,238
1994,35531,549
1994,35533,395
1994,35535,396
1994,35537,360
1994,35539,928
1994,35541,640
1994,35543,926
1994,35547,661
1994,35550,902
1994,35553,41
1994,35555,118
1994,35556,236
1994,35557,653
1994,35559,440
1994,35562,828
1994,35566,99
1994,35567,336
1994,35544,72
1994,35546,4
1994,59965,352
1994,59975,571
1994,59977,154
1994,60990,178
1994,35595,590
1994,35598,546
1994,46602,365
1994,35582,606
1994,35586,381
1994,46603,499
1994,35507,793
1994,35515,111
1994,35516,388
1994,46605,385
1994,46607,795
1994,59907,729
1994,59913,646
1994,59915,609
1994,59918,452
1994,59920,828
1994,59925,67
1994,59930,255
1994,59932,376
1994,59933,976
1994,59934,284
1994,59935,764
1994,59937,96
1994,59938,283
1994,59939,263
1994,59940,227
1994,59943,670
1994,59944,836
1994,59945,157
1994,59950,788
1994,59952,312
1994,59955,28
1994,59970,265
1994,61995,443
1994,48828,725
1994,48830,73
1994,48831,753
1994,48832,251
1994,48833,3
1994,48835,472
1994,48840,431
1994,48845,602
1994,48850,362
1994,48860,832
1994,48865,340
1994,59905,523
1995,35512,965
1995,24442,816
1995,24444,178
1995,24447,733
1995,24450,920
1995,24454,321
1995,24456,633
1995,24462,878
1995,24465,417
1995,35568,540
1995,35571,883
1995,35575,814
1995,35580,26
1995,35590,826
1995,35565,913
1995,35569,422
1995,24452,824
1995,24468,988
1995,10001,346
1995,10005,460
1995,10011,984
1995,10015,789
1995,11105,225
1995,11110,630
1995,12205,778
1995,12210,999
1995,12215,524
1995,12220,690
1995,12225,182
1995,13305,304
1995,13310,13
1995,13320,814
1995,13328,313
1995,13329,520
1995,10010,144
1995,13330,850
1995,13335,348
1995,24330,596
1995,24403,104
1995,24404,341
1995,24405,627
1995,24406,103
1995,24408,971
1995,24411,975
1995,24412,214
1995,24421,101
1995,24423,7
1995,24430,418
1995,24433,22
1995,24410,462
1995,24485,576
1995,24428,638
1995,24437,61
1995,24440,557
1995,24480,861
1995,24502,16
1995,24505,505
1995,35501,391
1995,35502,495
1995,35505,926
1995,35509,899
1995,46610,861
1995,46640,796
1995,47705,858
1995,47710,52
1995,47715,226
1995,47720,30
1995,47725,475
1995,47735,86
1995,47745,315
1995,47750,540
1995,47840,770
1995,48805,626
1995,48806,997
1995,48810,28
1995,48825,814
1995,35521,225
1995,35522,917
1995,47755,222
1995,48820,676
1995,48821,623
1995,48826,20
1995,35528,694
1995,35529,979
1995,35530,982
1995,35532,420
1995,35527,386
1995,35531,239
1995,35533,847
1995,35535,484
1995,35537,172
1995,35539,835
1995,35541,954
1995,35543,272
1995,35547,671
1995,35550,237
1995,35553,957
1995,35555,6
1995,35556,392
1995,35557,853
1995,35559,251
1995,35562,73
1995,35566,712
1995,35567,353
1995,35544,591
1995,35546,846
1995,59965,770
1995,59975,175
1995,59977,477
1995,60990,363
1995,35595,154
1995,35598,422
1995,46602,182
1995,35582,527
1995,35586,301
1995,46603,773
1995,35507,721
1995,35515,840
1995,35516,954
1995,46605,772
1995,46607,631
1995,59907,263
1995,59913,890
1995,59915,177
1995,59918,178
1995,59920,852
1995,59925,314
1995,59930,449
1995,59932,737
1995,59933,666
1995,59934,564
1995,59935,971
1995,59937,424
1995,59938,34
1995,59939,534
1995,59940,984
1995,59943,579
1995,59944,99
1995,59945,366
1995,59950,556
1995,59952,872
1995,59955,377
1995,59970,901
1995,61995,854
1995,48828,219
1995,48830,945
1995,48831,116
1995,48832,874
1995,48833,371
1995,48835,623
1995,48840,342
1995,48845,672
1995,48850,210
1995,48860,877
1995,48865,32
1995,59905,117
1996,35512,571
1996,24442,106
1996,24444,145
1996,24447,299
1996,24450,32
1996,24454,547
1996,24456,425
1996,24462,85
1996,24465,537
1996,35568,386
1996,35571,864
1996,35575,348
1996,35580,287
1996,35590,161
1996,35565,519
1996,35569,990
1996,24452,269
1996,24468,370
1996,10001,528
1996,10005,391
1996,10011,861
1996,10015,597
1996,11105,105
1996,11110,55
1996,12205,649
1996,12210,619
1996,12215,525
1996,12220,419
1996,12225,545
1996,13305,488
1996,13310,974
1996,13320,415
1996,13328,285
1996,13329,408
1996,10010,132
1996,13330,191
1996,13335,331
1996,24330,943
1996,24403,878
1996,24404,533
1996,24405,754
1996,24406,111
1996,24408,383
1996,24411,396
1996,24412,281
1996,24421,576
1996,24423,303
1996,24430,808
1996,24433,464
1996,24410,800
1996,24485,707
1996,24428,579
1996,24437,720
1996,24440,168
1996,24480,740
1996,24502,535
1996,24505,122
1996,35501,54
1996,35502,407
1996,35505,76
1996,35509,580
1996,46610,253
1996,46640,896
1996,47705,945
1996,47710,97
1996,47715,925
1996,47720,565
1996,47725,109
1996,47735,432
1996,47745,70
1996,47750,459
1996,47840,391
1996,48805,762
1996,48806,422
1996,48810,58
1996,48825,648
1996,35521,633
1996,35522,5
1996,47755,314
1996,48820,342
1996,48821,809
1996,48826,230
1996,35528,703
1996,35529,987
1996,35530,682
1996,35532,948
1996,35527,974
1996,35531,835
1996,35533,335
1996,35535,797
1996,35537,970
1996,35539,466
1996,35541,115
1996,35543,279
1996,35547,89
1996,35550,672
1996,35553,89
1996,35555,55
1996,35556,174
1996,35557,70
1996,35559,391
1996,35562,201
1996,35566,164
1996,35567,169
1996,35544,560
1996,35546,852
1996,59965,821
1996,59975,210
1996,59977,124
1996,60990,794
1996,35595,486
1996,35598,434
1996,46602,428
1996,35582,924
1996,35586,671
1996,46603,482
1996,35507,848
1996,35515,639
1996,35516,290
1996,46605,12
1996,46607,576
1996,59907,658
1996,59913,883
1996,59915,992
1996,59918,660
1996,59920,138
1996,59925,120
1996,59930,126
1996,59932,407
1996,59933,922
1996,59934,689
1996,59935,597
1996,59937,686
1996,59938,525
1996,59939,349
1996,59940,537
1996,59943,584
1996,59944,928
1996,59945,624
1996,59950,709
1996,59952,475
1996,59955,484
1996,59970,269
1996,61995,179
1996,48828,559
1996,48830,802
1996,48831,238
1996,48832,612
1996,48833,649
1996,48835,58
1996,48840,277
1996,48845,9
1996,48850,617
1996,48860,203
1996,48865,70
1996,59905,893
1997,35512,615
1997,24442,723
1997,24444,212
1997,24447,516
1997,24450,824
1997,24454,6
1997,24456,422
1997,24462,747
1997,24465,251
1997,35568,72
1997,35571,159
1997,35575,173
1997,35580,409
1997,35590,2
1997,35565,148
1997,35569,241
1997,24452,743
1997,24468,581
1997,10001,424
1997,10005,500
1997,10011,508
1997,10015,76
1997,11105,754
1997,11110,486
1997,12205,182
1997,12210,670
1997,12215,413
1997,12220,824
1997,12225,71
1997,13305,799
1997,13310,183
1997,13320,237
1997,13328,87
1997,13329,157
1997,10010,622
1997,13330,697
1997,13335,484
1997,24330,854
1997,24403,52
1997,24404,896
1997,24405,255
1997,24406,573
1997,24408,182
1997,24411,954
1997,24412,996
1997,24421,61
1997,24423,992
1997,24430,994
1997,24433,201
1997,24410,227
1997,24485,768
1997,24428,571
1997,24437,233
1997,24440,198
1997,24480,602
1997,24502,42
1997,24505,325
1997,35501,188
1997,35502,481
1997,35505,103
1997,35509,136
1997,46610,44
1997,46640,845
1997,47705,613
1997,47710,462
1997,47715,966
1997,47720,970
1997,47725,462
1997,47735,106
1997,47745,795
1997,47750,278
1997,47840,436
1997,48805,206
1997,48806,682
1997,48810,902
1997,48825,576
1997,35521,385
1997,35522,613
1997,47755,511
1997,48820,43
1997,48821,455
1997,48826,873
1997,35528,237
1997,35529,536
1997,35530,261
1997,35532,10
1997,35527,733
1997,35531,313
1997,35533,470
1997,35535,982
1997,35537,573
1997,35539,795
1997,35541,855
1997,35543,18
1997,35547,177
1997,35550,798
1997,35553,791
1997,35555,630
1997,35556,216
1997,35557,357
1997,35559,994
1997,35562,198
1997,35566,1000
1997,35567,654
1997,35544,513
1997,35546,941
1997,59965,7
1997,59975,228
1997,59977,24
1997,60990,358
1997,35595,691
1997,35598,406
1997,46602,687
1997,35582,927
1997,35586,106
1997,46603,900
1997,35507,969
1997,35515,637
1997,35516,350
1997,46605,156
1997,46607,818
1997,59907,2
1997,59913,303
1997,59915,337
1997,59918,675
1997,59920,353
1997,59925,555
1997,59930,20
1997,59932,98
1997,59933,822
1997,59934,170
1997,59935,337
1997,59937,721
1997,59938,716
1997,59939,700
1997,59940,934
1997,59943,831
1997,59944,478
1997,59945,196
1997,59950,503
1997,59952,823
1997,59955,704
1997,59970,257
1997,61995,334
1997,48828,473
1997,48830,23
1997,48831,110
1997,48832,919
1997,48833,207
1997,48835,499
1997,48840,155
1997,48845,925
1997,48850,806
1997,48860,759
1997,48865,926
1997,59905,47
1998,35512,768
1998,24442,200
1998,24444,411
1998,24447,785
1998,24450,191
1998,24454,612
1998,24456,340
1998,24462,130
1998,24465,921
1998,35568,221
1998,35571,763
1998,35575,602
1998,35580,382
1998,35590,23
1998,35565,72
1998,35569,825
1998,24452,801
1998,24468,584
1998,10001,269
1998,10005,168
1998,10011,124
1998,10015,883
1998,11105,824
1998,11110,380
1998,12205,393
1998,12210,586
1998,12215,808
1998,12220,310
1998,12225,358
1998,13305,975
1998,13310,762
1998,13320,658
1998,13328,178
1998,13329,812
1998,10010,975
1998,13330,977
1998,13335,69
1998,24330,295
1998,24403,721
1998,24404,646
1998,24405,120
1998,24406,669
1998,24408,712
1998,24411,179
1998,24412,749
1998,24421,11
1998,24423,270
1998,24430,61
1998,24433,195
1998,24410,35
1998,24485,708
1998,24428,667
1998,24437,153
1998,24440,327
1998,24480,480
1998,24502,924
1998,24505,664
1998,35501,111
1998,35502,20
1998,35505,247
1998,35509,93
1998,46610,37
1998,46640,966
1998,47705,604
1998,47710,69
1998,47715,774
1998,47720,510
1998,47725,646
1998,47735,345
1998,47745,938
1998,47750,488
1998,47840,19
1998,48805,613
1998,48806,543
1998,48810,286
1998,48825,641
1998,35521,551
1998,35522,194
1998,47755,385
1998,48820,599
1998,48821,598
1998,48826,250
1998,35528,110
1998,35529,635
1998,35530,901
1998,35532,873
1998,35527,969
1998,35531,260
1998,35533,508
1998,35535,92
1998,35537,59
1998,35539,484
1998,35541,219
1998,35543,36
1998,35547,207
1998,35550,323
1998,35553,151
1998,35555,507
1998,35556,893
1998,35557,120
1998,35559,651
1998,35562,936
1998,35566,830
1998,35567,964
1998,35544,658
1998,35546,150
1998,59965,912
1998,59975,352
1998,59977,139
1998,60990,148
1998,35595,852
1998,35598,101
1998,46602,854
1998,35582,317
1998,35586,454
1998,46603,619
1998,35507,410
1998,35515,54
1998,35516,875
1998,46605,521
1998,46607,852
1998,59907,781
1998,59913,8
1998,59915,264
1998,59918,412
1998,59920,939
1998,59925,106
1998,59930,829
1998,59932,828
1998,59933,612
1998,59934,736
1998,59935,587
1998,59937,464
1998,59938,685
1998,59939,373
1998,59940,765
1998,59943,670
1998,59944,133
1998,59945,441
1998,59950,936
1998,59952,66
1998,59955,508
1998,59970,949
1998,61995,590
1998,48828,912
1998,48830,997
1998,48831,504
1998,48832,144
1998,48833,477
1998,48835,925
1998,48840,215
1998,48845,911
1998,48850,781
1998,48860,516
1998,48865,297
1998,59905,141
1999,35512,836
1999,24442,155
1999,24444,102
1999,24447,365
1999,24450,419
1999,24454,576
1999,24456,740
1999,24462,631
1999,24465,437
1999,35568,953
1999,35571,633
1999,35575,600
1999,35580,917
1999,35590,600
1999,35565,31
1999,35569,150
1999,24452,493
1999,24468,195
1999,10001,825
1999,10005,164
1999,10011,366
1999,10015,935
1999,11105,433
1999,11110,225
1999,12205,552
1999,12210,148
1999,12215,855
1999,12220,962
1999,12225,502
1999,13305,640
1999,13310,96
1999,13320,111
1999,13328,911
1999,13329,775
1999,10010,758
1999,13330,459
1999,13335,341
1999,24330,724
1999,24403,2
1999,24404,386
1999,24405,960
1999,24406,633
1999,24408,998
1999,24411,662
1999,24412,305
1999,24421,604
1999,24423,978
1999,24430,953
1999,24433,178
1999,24410,565
1999,24485,740
1999,24428,103
1999,24437,791
1999,24440,591
1999,24480,34
1999,24502,407
1999,24505,416
1999,35501,203
1999,35502,791
1999,35505,533
1999,35509,249
1999,46610,21
1999,46640,606
1999,47705,798
1999,47710,13
1999,47715,127
1999,47720,86
1999,47725,275
1999,47735,212
1999,47745,556
1999,47750,346
1999,47840,257
1999,48805,585
1999,48806,31
1999,48810,404
1999,48825,671
1999,35521,335
1999,35522,970
1999,47755,896
1999,48820,71
1999,48821,693
1999,48826,284
1999,35528,538
1999,35529,576
1999,35530,185
1999,35532,770
1999,35527,894
1999,35531,287
1999,35533,799
1999,35535,387
1999,35537,564
1999,35539,307
1999,35541,850
1999,35543,571
1999,35547,464
1999,35550,771
1999,35553,747
1999,35555,11
1999,35556,956
1999,35557,685
1999,35559,558
1999,35562,970
1999,35566,401
1999,35567,380
1999,35544,641
1999,35546,238
1999,59965,129
1999,59975,88
1999,59977,161
1999,60990,96
1999,35595,42
1999,35598,757
1999,46602,703
1999,35582,884
1999,35586,502
1999,46603,243
1999,35507,649
1999,35515,781
1999,35516,622
1999,46605,671
1999,46607,868
1999,59907,478
1999,59913,886
1999,59915,246
1999,59918,946
1999,59920,507
1999,59925,276
1999,59930,336
1999,59932,803
1999,59933,804
1999,59934,315
1999,59935,597
1999,59937,216
1999,59938,133
1999,59939,33
1999,59940,265
1999,59943,635
1999,59944,65
1999,59945,937
1999,59950,327
1999,59952,881
1999,59955,994
1999,59970,190
1999,61995,203
1999,48828,438
1999,48830,822
1999,48831,468
1999,48832,651
1999,48833,130
1999,48835,712
1999,48840,149
1999,48845,899
1999,48850,44
1999,48860,864
1999,48865,764
1999,59905,606
2000,35512,467
2000,24442,933
2000,24444,777
2000,24447,281
2000,24450,770
2000,24454,386
2000,24456,314
2000,24462,364
2000,24465,263
2000,35568,55
2000,35571,63
2000,35575,934
2000,35580,172
2000,35590,173
2000,35565,707
2000,35569,489
2000,24452,767
2000,24468,294
2000,10001,211
2000,10005,519
2000,10011,217
2000,10015,695
2000,11105,241
2000,11110,217
2000,12205,961
2000,12210,99
2000,12215,134
2000,12220,474
2000,12225,512
2000,13305,511
2000,13310,133
2000,13320,916
2000,13328,328
2000,13329,403
2000,10010,265
2000,13330,568
2000,13335,829
2000,24330,394
2000,24403,160
2000,24404,938
2000,24405,136
2000,24406,535
2000,24408,683
2000,24411,638
2000,24412,597
2000,24421,965
2000,24423,560
2000,24430,497
2000,24433,244
2000,24410,527
2000,24485,926
2000,24428,897
2000,24437,301
2000,24440,869
2000,24480,723
2000,24502,379
2000,24505,706
2000,35501,270
2000,35502,926
2000,35505,357
2000,35509,347
2000,46610,690
2000,46640,460
2000,47705,380
2000,47710,480
2000,47715,633
2000,47720,829
2000,47725,972
2000,47735,88
2000,47745,684
2000,47750,687
2000,47840,60
2000,48805,41
2000,48806,838
2000,48810,387
2000,48825,321
2000,35521,488
2000,35522,746
2000,47755,764
2000,48820,567
2000,48821,869
2000,48826,905
2000,35528,690
2000,35529,890
2000,35530,728
2000,35532,909
2000,35527,488
2000,35531,584
2000,35533,189
2000,35535,64
2000,35537,65
2000,35539,992
2000,35541,782
2000,35543,501
2000,35547,547
2000,35550,907
2000,35553,88
2000,35555,147
2000,35556,205
2000,35557,182
2000,35559,878
2000,35562,914
2000,35566,362
2000,35567,516
2000,35544,87
2000,35546,413
2000,59965,426
2000,59975,10
2000,59977,9
2000,60990,903
2000,35595,870
2000,35598,796
2000,46602,594
2000,35582,380
2000,35586,906
2000,46603,455
2000,35507,565
2000,35515,196
2000,35516,36
2000,46605,518
2000,46607,477
2000,59907,543
2000,59913,478
2000,59915,106
2000,59918,378
2000,59920,279
2000,59925,129
2000,59930,973
2000,59932,882
2000,59933,458
2000,59934,61
2000,59935,954
2000,59937,350
2000,59938,934
2000,59939,828
2000,59940,318
2000,59943,401
2000,59944,541
2000,59945,971
2000,59950,972
2000,59952,519
2000,59955,806
2000,59970,175
2000,61995,908
2000,48828,461
2000,48830,27
2000,48831,633
2000,48832,603
2000,48833,442
2000,48835,155
2000,48840,466
2000,48845,384
2000,48850,170
2000,48860,459
2000,48865,61
2000,59905,828
2001,35512,648
2001,24442,45
2001,24444,705
2001,24447,250
2001,24450,94
2001,24454,38
2001,24456,783
2001,24462,684
2001,24465,185
2001,35568,588
2001,35571,348
2001,35575,11
2001,35580,320
2001,35590,165
2001,35565,267
2001,35569,405
2001,24452,163
2001,24468,183
2001,10001,611
2001,10005,415
2001,10011,176
2001,10015,990
2001,11105,372
2001,11110,336
2001,12205,112
2001,12210,109
2001,12215,67
2001,12220,983
2001,12225,106
2001,13305,353
2001,13310,486
2001,13320,234
2001,13328,245
2001,13329,451
2001,10010,817
2001,13330,920
2001,13335,344
2001,24330,391
2001,24403,939
2001,24404,415
2001,24405,938
2001,24406,975
2001,24408,908
2001,24411,177
2001,24412,427
2001,24421,755
2001,24423,499
2001,24430,197
2001,24433,574
2001,24410,573
2001,24485,716
2001,24428,293
2001,24437,603
2001,24440,795
2001,24480,529
2001,24502,185
2001,24505,69
2001,35501,952
2001,35502,843
2001,35505,244
2001,35509,795
2001,46610,527
2001,46640,901
2001,47705,280
2001,47710,415
2001,47715,220
2001,47720,831
2001,47725,731
2001,47735,685
2001,47745,548
2001,47750,136
2001,47840,823
2001,48805,53
2001,48806,994
2001,48810,298
2001,48825,553
2001,35521,516
2001,35522,720
2001,47755,535
2001,48820,866
2001,48821,384
2001,48826,988
2001,35528,206
2001,35529,686
2001,35530,296
2001,35532,411
2001,35527,446
2001,35531,154
2001,35533,270
2001,35535,689
2001,35537,112
2001,35539,818
2001,35541,302
2001,35543,110
2001,35547,858
2001,35550,663
2001,35553,622
2001,35555,126
2001,35556,557
2001,35557,692
2001,35559,681
2001,35562,295
2001,35566,678
2001,35567,208
2001,35544,2
2001,35546,99
2001,59965,84
2001,59975,247
2001,59977,998
2001,60990,777
2001,35595,31
2001,35598,357
2001,46602,997
2001,35582,491
2001,35586,217
2001,46603,347
2001,35507,594
2001,35515,242
2001,35516,559
2001,46605,706
2001,46607,786
2001,59907,911
2001,59913,276
2001,59915,131
2001,59918,645
2001,59920,232
2001,59925,364
2001,59930,107
2001,59932,773
2001,59933,175
2001,59934,211
2001,59935,312
2001,59937,1000
2001,59938,195
2001,59939,615
2001,59940,624
2001,59943,569
2001,59944,158
2001,59945,513
2001,59950,648
2001,59952,169
2001,59955,404
2001,59970,314
2001,61995,633
2001,48828,469
2001,48830,147
2001,48831,283
2001,48832,467
2001,48833,695
2001,48835,142
2001,48840,916
2001,48845,290
2001,48850,962
2001,48860,762
2001,48865,914
2001,59905,892
2002,35512,116
2002,24442,263
2002,24444,50
2002,24447,255
2002,24450,708
2002,24454,377
2002,24456,957
2002,24462,934
2002,24465,432
2002,35568,894
2002,35571,2
2002,35575,854
2002,35580,760
2002,35590,860
2002,35565,317
2002,35569,42
2002,24452,164
2002,24468,327
2002,10001,950
2002,10005,165
2002,10011,856
2002,10015,974
2002,11105,393
2002,11110,458
2002,12205,8
2002,12210,182
2002,12215,915
2002,12220,983
2002,12225,890
2002,13305,196
2002,13310,930
2002,13320,949
2002,13328,945
2002,13329,622
2002,10010,289
2002,13330,967
2002,13335,34
2002,24330,252
2002,24403,565
2002,24404,67
2002,24405,261
2002,24406,867
2002,24408,997
2002,24411,803
2002,24412,657
2002,24421,297
2002,24423,687
2002,24430,648
2002,24433,671
2002,24410,635
2002,24485,638
2002,24428,935
2002,24437,654
2002,24440,729
2002,24480,783
2002,24502,269
2002,24505,167
2002,35501,973
2002,35502,134
2002,35505,355
2002,35509,867
2002,46610,718
2002,46640,403
2002,47705,816
2002,47710,304
2002,47715,672
2002,47720,162
2002,47725,416
2002,47735,416
2002,47745,933
2002,47750,556
2002,47840,460
2002,48805,966
2002,48806,707
2002,48810,183
2002,48825,276
2002,35521,719
2002,35522,125
2002,47755,312
2002,48820,513
2002,48821,5
2002,48826,916
2002,35528,988
2002,35529,804
2002,35530,968
2002,35532,901
2002,35527,688
2002,35531,733
2002,35533,324
2002,35535,803
2002,35537,338
2002,35539,174
2002,35541,531
2002,35543,371
2002,35547,542
2002,35550,26
2002,35553,376
2002,35555,745
2002,35556,36
2002,35557,994
2002,35559,504
2002,35562,200
2002,35566,444
2002,35567,103
2002,35544,1000
2002,35546,488
2002,59965,30
2002,59975,315
2002,59977,308
2002,60990,141
2002,35595,6
2002,35598,873
2002,46602,110
2002,35582,680
2002,35586,734
2002,46603,140
2002,35507,664
2002,35515,865
2002,35516,964
2002,46605,979
2002,46607,731
2002,59907,433
2002,59913,289
2002,59915,225
2002,59918,776
2002,59920,962
2002,59925,12
2002,59930,86
2002,59932,605
2002,59933,999
2002,59934,497
2002,59935,948
2002,59937,313
2002,59938,542
2002,59939,506
2002,59940,757
2002,59943,583
2002,59944,257
2002,59945,215
2002,59950,847
2002,59952,109
2002,59955,413
2002,59970,821
2002,61995,432
2002,48828,233
2002,48830,666
2002,48831,319
2002,48832,368
2002,48833,1
2002,48835,194
2002,48840,830
2002,48845,62
2002,48850,860
2002,48860,749
2002,48865,812
2002,59905,381
2003,35512,294
2003,24442,108
2003,24444,895
2003,24447,423
2003,24450,729
2003,24454,415
2003,24456,879
2003,24462,984
2003,24465,249
2003,35568,357
2003,35571,58
2003,35575,881
2003,35580,231
2003,35590,821
2003,35565,173
2003,35569,577
2003,24452,853
2003,24468,735
2003,10001,72
2003,10005,280
2003,10011,386
2003,10015,518
2003,11105,838
2003,11110,961
2003,12205,489
2003,12210,182
2003,12215,651
2003,12220,635
2003,12225,342
2003,13305,854
2003,13310,341
2003,13320,149
2003,13328,456
2003,13329,404
2003,10010,778
2003,13330,567
2003,13335,204
2003,24330,965
2003,24403,291
2003,24404,97
2003,24405,768
2003,24406,81
2003,24408,398
2003,24411,664
2003,24412,699
2003,24421,208
2003,24423,112
2003,24430,510
2003,24433,465
2003,24410,138
2003,24485,181
2003,24428,978
2003,24437,734
2003,24440,69
2003,24480,492
2003,24502,397
2003,24505,310
2003,35501,189
2003,35502,250
2003,35505,682
2003,35509,497
2003,46610,394
2003,46640,907
2003,47705,89
2003,47710,300
2003,47715,808
2003,47720,386
2003,47725,473
2003,47735,412
2003,47745,581
2003,47750,920
2003,47840,872
2003,48805,697
2003,48806,600
2003,48810,501
2003,48825,502
2003,35521,325
2003,35522,433
2003,47755,637
2003,48820,768
2003,48821,750
2003,48826,445
2003,35528,96
2003,35529,637
2003,35530,137
2003,35532,759
2003,35527,710
2003,35531,523
2003,35533,945
2003,35535,422
2003,35537,895
2003,35539,180
2003,35541,416
2003,35543,226
2003,35547,511
2003,35550,516
2003,35553,603
2003,35555,525
2003,35556,419
2003,35557,137
2003,35559,471
2003,35562,962
2003,35566,845
2003,35567,683
2003,35544,480
2003,35546,987
2003,59965,518
2003,59975,123
2003,59977,658
2003,60990,660
2003,35595,491
2003,35598,489
2003,46602,86
2003,35582,86
2003,35586,793
2003,46603,283
2003,35507,969
2003,35515,746
2003,35516,583
2003,46605,466
2003,46607,618
2003,59907,287
2003,59913,884
2003,59915,820
2003,59918,922
2003,59920,689
2003,59925,405
2003,59930,959
2003,59932,617
2003,59933,293
2003,59934,520
2003,59935,862
2003,59937,973
2003,59938,660
2003,59939,421
2003,59940,997
2003,59943,718
2003,59944,868
2003,59945,44
2003,59950,519
2003,59952,516
2003,59955,272
2003,59970,53
2003,61995,803
2003,48828,472
2003,48830,846
2003,48831,226
2003,48832,726
2003,48833,453
2003,48835,99
2003,48840,211
2003,48845,562
2003,48850,839
2003,48860,630
2003,48865,15
2003,59905,378
2004,35512,849
2004,24442,609
2004,24444,945
2004,24447,618
2004,24450,617
2004,24454,629
2004,24456,958
2004,24462,154
2004,24465,213
2004,35568,15
2004,35571,549
2004,35575,499
2004,35580,153
2004,35590,161
2004,35565,148
2004,35569,476
2004,24452,603
2004,24468,492
2004,10001,329
2004,10005,225
2004,10011,530
2004,10015,648
2004,11105,749
2004,11110,688
2004,12205,111
2004,12210,559
2004,12215,55
2004,12220,916
2004,12225,221
2004,13305,919
2004,13310,735
2004,13320,402
2004,13328,769
2004,13329,462
2004,10010,134
2004,13330,768
2004,13335,567
2004,24330,498
2004,24403,340
2004,24404,728
2004,24405,91
2004,24406,581
2004,24408,678
2004,24411,537
2004,24412,812
2004,24421,774
2004,24423,732
2004,24430,217
2004,24433,975
2004,24410,709
2004,24485,404
2004,24428,174
2004,24437,29
2004,24440,566
2004,24480,473
2004,24502,32
2004,24505,736
2004,35501,442
2004,35502,225
2004,35505,609
2004,35509,678
2004,46610,691
2004,46640,282
2004,47705,271
2004,47710,501
2004,47715,751
2004,47720,393
2004,47725,93
2004,47735,412
2004,47745,109
2004,47750,74
2004,47840,259
2004,48805,910
2004,48806,130
2004,48810,804
2004,48825,6
2004,35521,116
2004,35522,911
2004,47755,845
2004,48820,792
2004,48821,346
2004,48826,121
2004,35528,72
2004,35529,777
2004,35530,588
2004,35532,155
2004,35527,473
2004,35531,846
2004,35533,581
2004,35535,484
2004,35537,720
2004,35539,281
2004,35541,195
2004,35543,53
2004,35547,645
2004,35550,817
2004,35553,671
2004,35555,503
2004,35556,211
2004,35557,861
2004,35559,368
2004,35562,278
2004,35566,429
2004,35567,486
2004,35544,418
2004,35546,917
2004,59965,136
2004,59975,161
2004,59977,790
2004,60990,514
2004,35595,65
2004,35598,768
2004,46602,10
2004,35582,663
2004,35586,657
2004,46603,52
2004,35507,650
2004,35515,445
2004,35516,406
2004,46605,914
2004,46607,948
2004,59907,684
2004,59913,432
2004,59915,571
2004,59918,324
2004,59920,203
2004,59925,209
2004,59930,852
2004,59932,696
2004,59933,57
2004,59934,2
2004,59935,959
2004,59937,22
2004,59938,956
2004,59939,483
2004,59940,553
2004,59943,579
2004,59944,973
2004,59945,64
2004,59950,97
2004,59952,163
2004,59955,824
2004,59970,346
2004,61995,549
2004,48828,527
2004,48830,27
2004,48831,373
2004,48832,458
2004,48833,198
2004,48835,318
2004,48840,870
2004,48845,129
2004,48850,73
2004,48860,895
2004,48865,492
2004,59905,911
2005,35512,113
2005,24442,131
2005,24444,457
2005,24447,929
2005,24450,187
2005,24454,849
2005,24456,29
2005,24462,723
2005,24465,15
2005,35568,668
2005,35571,926
2005,35575,495
2005,35580,114
2005,35590,992
2005,35565,328
2005,35569,468
2005,24452,839
2005,24468,625
2005,10001,618
2005,10005,221
2005,10011,427
2005,10015,480
2005,11105,222
2005,11110,188
2005,12205,861
2005,12210,995
2005,12215,56
2005,12220,128
2005,12225,926
2005,13305,70
2005,13310,820
2005,13320,733
2005,13328,553
2005,13329,502
2005,10010,599
2005,13330,631
2005,13335,710
2005,24330,835
2005,24403,680
2005,24404,462
2005,24405,791
2005,24406,746
2005,24408,988
2005,24411,458
2005,24412,400
2005,24421,815
2005,24423,224
2005,24430,498
2005,24433,372
2005,24410,29
2005,24485,533
2005,24428,382
2005,24437,758
2005,24440,122
2005,24480,855
2005,24502,467
2005,24505,63
2005,35501,996
2005,35502,411
2005,35505,999
2005,35509,883
2005,46610,912
2005,46640,321
2005,47705,469
2005,47710,740
2005,47715,729
2005,47720,164
2005,47725,983
2005,47735,111
2005,47745,116
2005,47750,288
2005,47840,496
2005,48805,34
2005,48806,554
2005,48810,124
2005,48825,425
2005,35521,962
2005,35522,367
2005,47755,311
2005,48820,758
2005,48821,313
2005,48826,272
2005,35528,500
2005,35529,936
2005,35530,140
2005,35532,179
2005,35527,307
2005,35531,133
2005,35533,438
2005,35535,682
2005,35537,82
2005,35539,38
2005,35541,299
2005,35543,48
2005,35547,807
2005,35550,839
2005,35553,22
2005,35555,769
2005,35556,841
2005,35557,154
2005,35559,689
2005,35562,841
2005,35566,92
2005,35567,63
2005,35544,399
2005,35546,108
2005,59965,688
2005,59975,550
2005,59977,124
2005,60990,760
2005,35595,132
2005,35598,465
2005,46602,904
2005,35582,732
2005,35586,267
2005,46603,687
2005,35507,988
2005,35515,50
2005,35516,221
2005,46605,800
2005,46607,420
2005,59907,33
2005,59913,548
2005,59915,321
2005,59918,946
2005,59920,922
2005,59925,665
2005,59930,446
2005,59932,805
2005,59933,113
2005,59934,641
2005,59935,429
2005,59937,730
2005,59938,279
2005,59939,889
2005,59940,378
2005,59943,114
2005,59944,540
2005,59945,45
2005,59950,67
2005,59952,782
2005,59955,52
2005,59970,488
2005,61995,953
2005,48828,443
2005,48830,764
2005,48831,342
2005,48832,912
2005,48833,465
2005,48835,365
2005,48840,785
2005,48845,515
2005,48850,759
2005,48860,156
2005,48865,324
2005,59905,778
2006,35512,105
2006,24442,579
2006,24444,923
2006,24447,639
2006,24450,225
2006,24454,116
2006,24456,724
2006,24462,836
2006,24465,479
2006,35568,257
2006,35571,379
2006,35575,601
2006,35580,152
2006,35590,991
2006,35565,682
2006,35569,730
2006,24452,33
2006,24468,897
2006,10001,799
2006,10005,504
2006,10011,59
2006,10015,871
2006,11105,249
2006,11110,28
2006,12205,219
2006,12210,212
2006,12215,665
2006,12220,653
2006,12225,946
2006,13305,946
2006,13310,656
2006,13320,939
2006,13328,159
2006,13329,492
2006,10010,108
2006,13330,451
2006,13335,684
2006,24330,203
2006,24403,374
2006,24404,165
2006,24405,754
2006,24406,584
2006,24408,307
2006,24411,435
2006,24412,317
2006,24421,844
2006,24423,776
2006,24430,44
2006,24433,389
2006,24410,564
2006,24485,331
2006,24428,158
2006,24437,509
2006,24440,876
2006,24480,81
2006,24502,616
2006,24505,209
2006,35501,146
2006,35502,758
2006,35505,409
2006,35509,237
2006,46610,752
2006,46640,604
2006,47705,220
2006,47710,556
2006,47715,719
2006,47720,840
2006,47725,842
2006,47735,189
2006,47745,829
2006,47750,117
2006,47840,60
2006,48805,435
2006,48806,918
2006,48810,931
2006,48825,546
2006,35521,850
2006,35522,897
2006,47755,539
2006,48820,694
2006,48821,251
2006,48826,616
2006,35528,989
2006,35529,237
2006,35530,170
2006,35532,906
2006,35527,40
2006,35531,485
2006,35533,764
2006,35535,782
2006,35537,512
2006,35539,858
2006,35541,971
2006,35543,388
2006,35547,876
2006,35550,185
2006,35553,295
2006,35555,612
2006,35556,41
2006,35557,936
2006,35559,486
2006,35562,475
2006,35566,679
2006,35567,994
2006,35544,400
2006,35546,482
2006,59965,876
2006,59975,583
2006,59977,427
2006,60990,730
2006,35595,814
2006,35598,758
2006,46602,294
2006,35582,164
2006,35586,590
2006,46603,656
2006,35507,768
2006,35515,930
2006,35516,325
2006,46605,418
2006,46607,617
2006,59907,501
2006,59913,129
2006,59915,61
2006,59918,290
2006,59920,219
2006,59925,322
2006,59930,707
2006,59932,531
2006,59933,821
2006,59934,396
2006,59935,975
2006,59937,102
2006,59938,819
2006,59939,154
2006,59940,272
2006,59943,429
2006,59944,903
2006,59945,504
2006,59950,648
2006,59952,34
2006,59955,234
2006,59970,254
2006,61995,679
2006,48828,3
2006,48830,432
2006,48831,67
2006,48832,104
2006,48833,845
2006,48835,154
2006,48840,589
2006,48845,381
2006,48850,966
2006,48860,101
2006,48865,282
2006,59905,819
2007,35512,439
2007,24442,339
2007,24444,803
2007,24447,154
2007,24450,14
2007,24454,984
2007,24456,168
2007,24462,157
2007,24465,413
2007,35568,201
2007,35571,739
2007,35575,35
2007,35580,19
2007,35590,152
2007,35565,757
2007,35569,539
2007,24452,531
2007,24468,292
2007,10001,971
2007,10005,303
2007,10011,237
2007,10015,68
2007,11105,325
2007,11110,504
2007,12205,545
2007,12210,226
2007,12215,488
2007,12220,639
2007,12225,698
2007,13305,278
2007,13310,904
2007,13320,490
2007,13328,312
2007,13329,575
2007,10010,115
2007,13330,576
2007,13335,871
2007,24330,580
2007,24403,641
2007,24404,53
2007,24405,380
2007,24406,983
2007,24408,507
2007,24411,588
2007,24412,781
2007,24421,125
2007,24423,487
2007,24430,390
2007,24433,145
2007,24410,738
2007,24485,337
2007,24428,230
2007,24437,493
2007,24440,600
2007,24480,753
2007,24502,293
2007,24505,962
2007,35501,437
2007,35502,14
2007,35505,309
2007,35509,642
2007,46610,708
2007,46640,487
2007,47705,160
2007,47710,246
2007,47715,665
2007,47720,319
2007,47725,438
2007,47735,665
2007,47745,639
2007,47750,455
2007,47840,146
2007,48805,518
2007,48806,372
2007,48810,200
2007,48825,457
2007,35521,151
2007,35522,103
2007,47755,358
2007,48820,466
2007,48821,652
2007,48826,535
2007,35528,890
2007,35529,68
2007,35530,445
2007,35532,604
2007,35527,335
2007,35531,635
2007,35533,605
2007,35535,427
2007,35537,218
2007,35539,567
2007,35541,464
2007,35543,180
2007,35547,991
2007,35550,11
2007,35553,542
2007,35555,369
2007,35556,882
2007,35557,694
2007,35559,409
2007,35562,726
2007,35566,152
2007,35567,905
2007,35544,518
2007,35546,752
2007,59965,70
2007,59975,326
2007,59977,129
2007,60990,727
2007,35595,760
2007,35598,84
2007,46602,244
2007,35582,95
2007,35586,749
2007,46603,870
2007,35507,444
2007,35515,295
2007,35516,612
2007,46605,542
2007,46607,426
2007,59907,898
2007,59913,265
2007,59915,398
2007,59918,488
2007,59920,730
2007,59925,389
2007,59930,611
2007,59932,317
2007,59933,402
2007,59934,127
2007,59935,992
2007,59937,279
2007,59938,751
2007,59939,129
2007,59940,245
2007,59943,149
2007,59944,181
2007,59945,895
2007,59950,294
2007,59952,74
2007,59955,136
2007,59970,714
2007,61995,578
2007,48828,829
2007,48830,678
2007,48831,367
2007,48832,77
2007,48833,950
2007,48835,493
2007,48840,688
2007,48845,517
2007,48850,930
2007,48860,911
2007,48865,903
2007,59905,730
2008,35512,299
2008,24442,30
2008,24444,329
2008,24447,114
2008,24450,359
2008,24454,500
2008,24456,238
2008,24462,247
2008,24465,279
2008,35568,801
2008,35571,932
2008,35575,594
2008,35580,963
2008,35590,895
2008,35565,898
2008,35569,107
2008,24452,257
2008,24468,764
2008,10001,922
2008,10005,28
2008,10011,513
2008,10015,55
2008,11105,276
2008,11110,703
2008,12205,348
2008,12210,958
2008,12215,606
2008,12220,812
2008,12225,754
2008,13305,752
2008,13310,580
2008,13320,463
2008,13328,349
2008,13329,991
2008,10010,152
2008,13330,322
2008,13335,859
2008,24330,410
2008,24403,495
2008,24404,201
2008,24405,502
2008,24406,58
2008,24408,445
2008,24411,627
2008,24412,753
2008,24421,935
2008,24423,444
2008,24430,54
2008,24433,493
2008,24410,221
2008,24485,316
2008,24428,213
2008,24437,45
2008,24440,736
2008,24480,48
2008,24502,146
2008,24505,416
2008,35501,280
2008,35502,523
2008,35505,586
2008,35509,705
2008,46610,553
2008,46640,188
2008,47705,250
2008,47710,179
2008,47715,99
2008,47720,323
2008,47725,20
2008,47735,20
2008,47745,202
2008,47750,448
2008,47840,481
2008,48805,203
2008,48806,740
2008,48810,650
2008,48825,830
2008,35521,643
2008,35522,833
2008,47755,57
2008,48820,885
2008,48821,843
2008,48826,690
2008,35528,92
2008,35529,91
2008,35530,104
2008,35532,201
2008,35527,132
2008,35531,275
2008,35533,325
2008,35535,82
2008,35537,157
2008,35539,375
2008,35541,77
2008,35543,953
2008,35547,803
2008,35550,481
2008,35553,53
2008,35555,887
2008,35556,779
2008,35557,455
2008,35559,667
2008,35562,284
2008,35566,9
2008,35567,394
2008,35544,137
2008,35546,354
2008,59965,914
2008,59975,28
2008,59977,251
2008,60990,695
2008,35595,609
2008,35598,447
2008,46602,623
2008,35582,938
2008,35586,131
2008,46603,246
2008,35507,950
2008,35515,99
2008,35516,226
2008,46605,535
2008,46607,980
2008,59907,51
2008,59913,337
2008,59915,526
2008,59918,422
2008,59920,251
2008,59925,636
2008,59930,479
2008,59932,86
2008,59933,5
2008,59934,597
2008,59935,974
2008,59937,917
2008,59938,239
2008,59939,258
2008,59940,91
2008,59943,945
2008,59944,859
2008,59945,588
2008,59950,604
2008,59952,493
2008,59955,222
2008,59970,775
2008,61995,793
2008,48828,324
2008,48830,547
2008,48831,381
2008,48832,878
2008,48833,555
2008,48835,583
2008,48840,95
2008,48845,199
2008,48850,587
2008,48860,755
2008,48865,542
2008,59905,845
2009,35512,293
2009,24442,602
2009,24444,409
2009,24447,297
2009,24450,88
2009,24454,979
2009,24456,589
2009,24462,202
2009,24465,530
2009,35568,981
2009,35571,921
2009,35575,465
2009,35580,654
2009,35590,94
2009,35565,878
2009,35569,151
2009,24452,244
2009,24468,707
2009,10001,841
2009,10005,177
2009,10011,772
2009,10015,939
2009,11105,559
2009,11110,620
2009,12205,154
2009,12210,667
2009,12215,341
2009,12220,509
2009,12225,988
2009,13305,771
2009,13310,311
2009,13320,808
2009,13328,856
2009,13329,234
2009,10010,301
2009,13330,456
2009,13335,456
2009,24330,359
2009,24403,652
2009,24404,323
2009,24405,4
2009,24406,32
2009,24408,722
2009,24411,727
2009,24412,435
2009,24421,670
2009,24423,311
2009,24430,113
2009,24433,919
2009,24410,715
2009,24485,929
2009,24428,342
2009,24437,371
2009,24440,305
2009,24480,657
2009,24502,543
2009,24505,257
2009,35501,532
2009,35502,908
2009,35505,744
2009,35509,638
2009,46610,616
2009,46640,308
2009,47705,768
2009,47710,981
2009,47715,207
2009,47720,680
2009,47725,335
2009,47735,840
2009,47745,867
2009,47750,227
2009,47840,996
2009,48805,819
2009,48806,471
2009,48810,615
2009,48825,990
2009,35521,921
2009,35522,677
2009,47755,692
2009,48820,566
2009,48821,998
2009,48826,977
2009,35528,463
2009,35529,646
2009,35530,619
2009,35532,680
2009,35527,966
2009,35531,703
2009,35533,814
2009,35535,510
2009,35537,178
2009,35539,735
2009,35541,346
2009,35543,413
2009,35547,87
2009,35550,512
2009,35553,775
2009,35555,730
2009,35556,875
2009,35557,749
2009,35559,499
2009,35562,272
2009,35566,549
2009,35567,150
2009,35544,445
2009,35546,53
2009,59965,948
2009,59975,420
2009,59977,322
2009,60990,900
2009,35595,736
2009,35598,720
2009,46602,964
2009,35582,817
2009,35586,965
2009,46603,771
2009,35507,391
2009,35515,504
2009,35516,562
2009,46605,627
2009,46607,100
2009,59907,285
2009,59913,550
2009,59915,979
2009,59918,214
2009,59920,992
2009,59925,243
2009,59930,891
2009,59932,40
2009,59933,458
2009,59934,980
2009,59935,612
2009,59937,607
2009,59938,201
2009,59939,964
2009,59940,30
2009,59943,452
2009,59944,935
2009,59945,580
2009,59950,750
2009,59952,729
2009,59955,696
2009,59970,614
2009,61995,11
2009,48828,283
2009,48830,373
2009,48831,99
2009,48832,91
2009,48833,367
2009,48835,612
2009,48840,348
2009,48845,217
2009,48850,756
2009,48860,566
2009,48865,128
2009,59905,90
2010,35512,403
2010,24442,681
2010,24444,807
2010,24447,439
2010,24450,286
2010,24454,766
2010,24456,281
2010,24462,484
2010,24465,710
2010,35568,563
2010,35571,383
2010,35575,399
2010,35580,286
2010,35590,967
2010,35565,669
2010,35569,633
2010,24452,975
2010,24468,854
2010,10001,468
2010,10005,95
2010,10011,555
2010,10015,990
2010,11105,467
2010,11110,940
2010,12205,509
2010,12210,527
2010,12215,462
2010,12220,708
2010,12225,158
2010,13305,189
2010,13310,880
2010,13320,663
2010,13328,672
2010,13329,459
2010,10010,207
2010,13330,315
2010,13335,67
2010,24330,576
2010,24403,861
2010,24404,783
2010,24405,435
2010,24406,9
2010,24408,428
2010,24411,282
2010,24412,672
2010,24421,595
2010,24423,509
2010,24430,3
2010,24433,645
2010,24410,363
2010,24485,937
2010,24428,968
2010,24437,159
2010,24440,818
2010,24480,55
2010,24502,581
2010,24505,211
2010,35501,206
2010,35502,902
2010,35505,407
2010,35509,892
2010,46610,189
2010,46640,122
2010,47705,556
2010,47710,272
2010,47715,438
2010,47720,58
2010,47725,391
2010,47735,622
2010,47745,409
2010,47750,998
2010,47840,181
2010,48805,173
2010,48806,344
2010,48810,646
2010,48825,254
2010,35521,446
2010,35522,580
2010,47755,181
2010,48820,82
2010,48821,146
2010,48826,714
2010,35528,424
2010,35529,99
2010,35530,650
2010,35532,51
2010,35527,918
2010,35531,859
2010,35533,385
2010,35535,203
2010,35537,408
2010,35539,311
2010,35541,382
2010,35543,847
2010,35547,579
2010,35550,267
2010,35553,745
2010,35555,732
2010,35556,278
2010,35557,786
2010,35559,708
2010,35562,598
2010,35566,457
2010,35567,516
2010,35544,160
2010,35546,723
2010,59965,296
2010,59975,569
2010,59977,128
2010,60990,653
2010,35595,585
2010,35598,710
2010,46602,780
2010,35582,887
2010,35586,399
2010,46603,562
2010,35507,372
2010,35515,142
2010,35516,146
2010,46605,67
2010,46607,130
2010,59907,317
2010,59913,634
2010,59915,87
2010,59918,574
2010,59920,750
2010,59925,458
2010,59930,293
2010,59932,379
2010,59933,365
2010,59934,633
2010,59935,254
2010,59937,684
2010,59938,44
2010,59939,233
2010,59940,721
2010,59943,783
2010,59944,387
2010,59945,608
2010,59950,985
2010,59952,360
2010,59955,462
2010,59970,725
2010,61995,931
2010,48828,630
2010,48830,37
2010,48831,878
2010,48832,141
2010,48833,854
2010,48835,968
2010,48840,449
2010,48845,975
2010,48850,686
2010,48860,574
2010,48865,491
2010,59905,781
2011,35512,46
2011,24442,254
2011,24444,115
2011,24447,292
2011,24450,540
2011,24454,571
2011,24456,744
2011,24462,9
2011,24465,947
2011,35568,219
2011,35571,355
2011,35575,527
2011,35580,185
2011,35590,340
2011,35565,137
2011,35569,592
2011,24452,640
2011,24468,899
2011,10001,479
2011,10005,731
2011,10011,112
2011,10015,686
2011,11105,899
2011,11110,660
2011,12205,613
2011,12210,97
2011,12215,646
2011,12220,714
2011,12225,671
2011,13305,758
2011,13310,749
2011,13320,818
2011,13328,794
2011,13329,344
2011,10010,9
2011,13330,734
2011,13335,973
2011,24330,558
2011,24403,479
2011,24404,216
2011,24405,13
2011,24406,599
2011,24408,776
2011,24411,521
2011,24412,824
2011,24421,279
2011,24423,252
2011,24430,568
2011,24433,678
2011,24410,83
2011,24485,933
2011,24428,787
2011,24437,646
2011,24440,950
2011,24480,112
2011,24502,66
2011,24505,684
2011,35501,503
2011,35502,984
2011,35505,231
2011,35509,403
2011,46610,500
2011,46640,951
2011,47705,128
2011,47710,574
2011,47715,345
2011,47720,104
2011,47725,201
2011,47735,823
2011,47745,439
2011,47750,237
2011,47840,326
2011,48805,473
2011,48806,57
2011,48810,889
2011,48825,358
2011,35521,351
2011,35522,502
2011,47755,218
2011,48820,809
2011,48821,690
2011,48826,302
2011,35528,401
2011,35529,175
2011,35530,246
2011,35532,367
2011,35527,888
2011,35531,849
2011,35533,222
2011,35535,386
2011,35537,6
2011,35539,574
2011,35541,12
2011,35543,275
2011,35547,870
2011,35550,864
2011,35553,256
2011,35555,143
2011,35556,104
2011,35557,656
2011,35559,266
2011,35562,288
2011,35566,706
2011,35567,981
2011,35544,219
2011,35546,353
2011,59965,410
2011,59975,789
2011,59977,243
2011,60990,537
2011,35595,949
2011,35598,618
2011,46602,284
2011,35582,199
2011,35586,754
2011,46603,940
2011,35507,617
2011,35515,674
2011,35516,302
2011,46605,338
2011,46607,216
2011,59907,441
2011,59913,328
2011,59915,894
2011,59918,264
2011,59920,309
2011,59925,958
2011,59930,924
2011,59932,989
2011,59933,847
2011,59934,131
2011,59935,446
2011,59937,881
2011,59938,861
2011,59939,944
2011,59940,134
2011,59943,792
2011,59944,432
2011,59945,221
2011,59950,989
2011,59952,681
2011,59955,447
2011,59970,153
2011,61995,429
2011,48828,324
2011,48830,717
2011,48831,796
2011,48832,357
2011,48833,21
2011,48835,671
2011,48840,16
2011,48845,758
2011,48850,535
2011,48860,910
2011,48865,140
2011,59905,414
2012,35512,406
2012,24442,871
2012,24444,646
2012,24447,275
2012,24450,972
2012,24454,571
2012,24456,49
2012,24462,447
2012,24465,145
2012,35568,867
2012,35571,732
2012,35575,590
2012,35580,251
2012,35590,996
2012,35565,880
2012,35569,469
2012,24452,252
2012,24468,876
2012,10001,468
2012,10005,341
2012,10011,198
2012,10015,614
2012,11105,583
2012,11110,522
2012,12205,536
2012,12210,832
2012,12215,427
2012,12220,545
2012,12225,658
2012,13305,42
2012,13310,457
2012,13320,531
2012,13328,645
2012,13329,474
2012,10010,184
2012,13330,140
2012,13335,859
2012,24330,996
2012,24403,122
2012,24404,213
2012,24405,665
2012,24406,357
2012,24408,673
2012,24411,567
2012,24412,355
2012,24421,480
2012,24423,778
2012,24430,375
2012,24433,526
2012,24410,265
2012,24485,505
2012,24428,715
2012,24437,589
2012,24440,933
2012,24480,223
2012,24502,186
2012,24505,568
2012,35501,201
2012,35502,720
2012,35505,70
2012,35509,652
2012,46610,609
2012,46640,123
2012,47705,202
2012,47710,150
2012,47715,406
2012,47720,63
2012,47725,109
2012,47735,777
2012,47745,75
2012,47750,26
2012,47840,363
2012,48805,723
2012,48806,486
2012,48810,482
2012,48825,10
2012,35521,397
2012,35522,74
2012,47755,264
2012,48820,138
2012,48821,131
2012,48826,738
2012,35528,86
2012,35529,910
2012,35530,206
2012,35532,78
2012,35527,690
2012,35531,899
2012,35533,100
2012,35535,596
2012,35537,550
2012,35539,12
2012,35541,681
2012,35543,996
2012,35547,927
2012,35550,480
2012,35553,326
2012,35555,618
2012,35556,979
2012,35557,256
2012,35559,617
2012,35562,853
2012,35566,443
2012,35567,739
2012,35544,492
2012,35546,16
2012,59965,570
2012,59975,334
2012,59977,284
2012,60990,616
2012,35595,682
2012,35598,655
2012,46602,818
2012,35582,546
2012,35586,867
2012,46603,360
2012,35507,193
2012,35515,187
2012,35516,399
2012,46605,894
2012,46607,256
2012,59907,862
2012,59913,551
2012,59915,573
2012,59918,676
2012,59920,605
2012,59925,497
2012,59930,726
2012,59932,600
2012,59933,109
2012,59934,823
2012,59935,806
2012,59937,120
2012,59938,847
2012,59939,536
2012,59940,692
2012,59943,208
2012,59944,641
2012,59945,533
2012,59950,102
2012,59952,845
2012,59955,110
2012,59970,374
2012,61995,484
2012,48828,946
2012,48830,829
2012,48831,41
2012,48832,707
2012,48833,490
2012,48835,504
2012,48840,976
2012,48845,553
2012,48850,627
2012,48860,627
2012,48865,610
2012,59905,819
2013,35512,582
2013,24442,529
2013,24444,298
2013,24447,318
2013,24450,240
2013,24454,492
2013,24456,537
2013,24462,741
2013,24465,6
2013,35568,221
2013,35571,886
2013,35575,387
2013,35580,340
2013,35590,544
2013,35565,565
2013,35569,719
2013,24452,202
2013,24468,915
2013,10001,312
2013,10005,361
2013,10011,266
2013,10015,528
2013,11105,467
2013,11110,992
2013,12205,468
2013,12210,876
2013,12215,803
2013,12220,78
2013,12225,847
2013,13305,790
2013,13310,254
2013,13320,456
2013,13328,128
2013,13329,339
2013,10010,587
2013,13330,13
2013,13335,557
2013,24330,476
2013,24403,77
2013,24404,39
2013,24405,469
2013,24406,551
2013,24408,477
2013,24411,2
2013,24412,791
2013,24421,428
2013,24423,100
2013,24430,710
2013,24433,407
2013,24410,996
2013,24485,595
2013,24428,593
2013,24437,696
2013,24440,214
2013,24480,733
2013,24502,396
2013,24505,517
2013,35501,366
2013,35502,394
2013,35505,967
2013,35509,727
2013,46610,868
2013,46640,826
2013,47705,196
2013,47710,711
2013,47715,561
2013,47720,942
2013,47725,116
2013,47735,525
2013,47745,953
2013,47750,480
2013,47840,83
2013,48805,237
2013,48806,521
2013,48810,240
2013,48825,129
2013,35521,166
2013,35522,81
2013,47755,423
2013,48820,623
2013,48821,552
2013,48826,735
2013,35528,209
2013,35529,29
2013,35530,36
2013,35532,890
2013,35527,39
2013,35531,352
2013,35533,140
2013,35535,481
2013,35537,121
2013,35539,630
2013,35541,421
2013,35543,763
2013,35547,501
2013,35550,116
2013,35553,922
2013,35555,559
2013,35556,988
2013,35557,962
2013,35559,724
2013,35562,413
2013,35566,718
2013,35567,821
2013,35544,159
2013,35546,244
2013,59965,811
2013,59975,625
2013,59977,804
2013,60990,360
2013,35595,539
2013,35598,806
2013,46602,599
2013,35582,163
2013,35586,542
2013,46603,787
2013,35507,599
2013,35515,537
2013,35516,203
2013,46605,45
2013,46607,724
2013,59907,789
2013,59913,538
2013,59915,865
2013,59918,825
2013,59920,52
2013,59925,919
2013,59930,46
2013,59932,490
2013,59933,720
2013,59934,857
2013,59935,229
2013,59937,129
2013,59938,601
2013,59939,713
2013,59940,979
2013,59943,485
2013,59944,596
2013,59945,904
2013,59950,964
2013,59952,895
2013,59955,169
2013,59970,604
2013,61995,183
2013,48828,87
2013,48830,630
2013,48831,891
2013,48832,167
2013,48833,750
2013,48835,759
2013,48840,903
2013,48845,488
2013,48850,481
2013,48860,994
2013,48865,991
2013,59905,726
2014,35512,258
2014,24442,737
2014,24444,92
2014,24447,943
2014,24450,881
2014,24454,138
2014,24456,992
2014,24462,951
2014,24465,147
2014,35568,293
2014,35571,813
2014,35575,709
2014,35580,543
2014,35590,951
2014,35565,948
2014,35569,280
2014,24452,865
2014,24468,30
2014,10001,936
2014,10005,793
2014,10011,605
2014,10015,195
2014,11105,540
2014,11110,849
2014,12205,988
2014,12210,385
2014,12215,77
2014,12220,617
2014,12225,186
2014,13305,441
2014,13310,771
2014,13320,654
2014,13328,557
2014,13329,761
2014,10010,623
2014,13330,355
2014,13335,897
2014,24330,959
2014,24403,742
2014,24404,374
2014,24405,759
2014,24406,441
2014,24408,840
2014,24411,240
2014,24412,886
2014,24421,825
2014,24423,10
2014,24430,858
2014,24433,848
2014,24410,3
2014,24485,623
2014,24428,934
2014,24437,477
2014,24440,652
2014,24480,893
2014,24502,583
2014,24505,755
2014,35501,281
2014,35502,475
2014,35505,745
2014,35509,364
2014,46610,123
2014,46640,720
2014,47705,115
2014,47710,898
2014,47715,11
2014,47720,49
2014,47725,863
2014,47735,257
2014,47745,726
2014,47750,270
2014,47840,915
2014,48805,776
2014,48806,948
2014,48810,604
2014,48825,870
2014,35521,160
2014,35522,252
2014,47755,630
2014,48820,499
2014,48821,391
2014,48826,172
2014,35528,169
2014,35529,638
2014,35530,464
2014,35532,62
2014,35527,311
2014,35531,754
2014,35533,388
2014,35535,289
2014,35537,883
2014,35539,561
2014,35541,532
2014,35543,578
2014,35547,834
2014,35550,494
2014,35553,244
2014,35555,833
2014,35556,616
2014,35557,854
2014,35559,589
2014,35562,234
2014,35566,813
2014,35567,214
2014,35544,896
2014,35546,194
2014,59965,612
2014,59975,605
2014,59977,647
2014,60990,767
2014,35595,339
2014,35598,980
2014,46602,553
2014,35582,215
2014,35586,227
2014,46603,337
2014,35507,994
2014,35515,804
2014,35516,1000
2014,46605,564
2014,46607,156
2014,59907,737
2014,59913,148
2014,59915,156
2014,59918,641
2014,59920,249
2014,59925,417
2014,59930,124
2014,59932,220
2014,59933,604
2014,59934,685
2014,59935,479
2014,59937,474
2014,59938,788
2014,59939,443
2014,59940,409
2014,59943,916
2014,59944,439
2014,59945,789
2014,59950,771
2014,59952,642
2014,59955,900
2014,59970,801
2014,61995,961
2014,48828,295
2014,48830,356
2014,48831,278
2014,48832,936
2014,48833,87
2014,48835,784
2014,48840,471
2014,48845,892
2014,48850,298
2014,48860,990
2014,48865,29
2014,59905,958
2015,35512,152
2015,24442,1000
2015,24444,572
2015,24447,283
2015,24450,49
2015,24454,861
2015,24456,934
2015,24462,716
2015,24465,43
2015,35568,323
2015,35571,200
2015,35575,419
2015,35580,15
2015,35590,971
2015,35565,676
2015,35569,434
2015,24452,428
2015,24468,22
2015,10001,418
2015,10005,132
2015,10011,148
2015,10015,296
2015,11105,620
2015,11110,243
2015,12205,845
2015,12210,156
2015,12215,530
2015,12220,563
2015,12225,611
2015,13305,982
2015,13310,585
2015,13320,868
2015,13328,424
2015,13329,855
2015,10010,246
2015,13330,738
2015,13335,359
2015,24330,734
2015,24403,234
2015,24404,783
2015,24405,453
2015,24406,244
2015,24408,284
2015,24411,108
2015,24412,617
2015,24421,938
2015,24423,45
2015,24430,316
2015,24433,501
2015,24410,635
2015,24485,211
2015,24428,108
2015,24437,659
2015,24440,28
2015,24480,317
2015,24502,15
2015,24505,458
2015,35501,973
2015,35502,345
2015,35505,957
2015,35509,196
2015,46610,687
2015,46640,379
2015,47705,465
2015,47710,413
2015,47715,140
2015,47720,568
2015,47725,355
2015,47735,59
2015,47745,622
2015,47750,471
2015,47840,811
2015,48805,5
2015,48806,25
2015,48810,603
2015,48825,45
2015,35521,62
2015,35522,277
2015,47755,792
2015,48820,506
2015,48821,414
2015,48826,599
2015,35528,52
2015,35529,258
2015,35530,342
2015,35532,667
2015,35527,436
2015,35531,965
2015,35533,670
2015,35535,993
2015,35537,98
2015,35539,13
2015,35541,428
2015,35543,238
2015,35547,452
2015,35550,953
2015,35553,633
2015,35555,1
2015,35556,344
2015,35557,586
2015,35559,263
2015,35562,295
2015,35566,127
2015,35567,768
2015,35544,261
2015,35546,364
2015,59965,297
2015,59975,642
2015,59977,131
2015,60990,571
2015,35595,175
2015,35598,96
2015,46602,669
2015,35582,978
2015,35586,788
2015,46603,685
2015,35507,961
2015,35515,37
2015,35516,117
2015,46605,298
2015,46607,701
2015,59907,945
2015,59913,801
2015,59915,152
2015,59918,729
2015,59920,181
2015,59925,367
2015,59930,349
2015,59932,116
2015,59933,625
2015,59934,400
2015,59935,517
2015,59937,329
2015,59938,128
2015,59939,314
2015,59940,928
2015,59943,375
2015,59944,792
2015,59945,945
2015,59950,389
2015,59952,716
2015,59955,565
2015,59970,271
2015,61995,746
2015,48828,349
2015,48830,512
2015,48831,63
2015,48832,868
2015,48833,703
2015,48835,20
2015,48840,360
2015,48845,702
2015,48850,414
2015,48860,821
2015,48865,353
2015,59905,910
2016,35512,750
2016,24442,330
2016,24444,59
2016,24447,787
2016,24450,264
2016,24454,317
2016,24456,663
2016,24462,57
2016,24465,264
2016,35568,720
2016,35571,425
2016,35575,462
2016,35580,209
2016,35590,67
2016,35565,323
2016,35569,278
2016,24452,260
2016,24468,104
2016,10001,622
2016,10005,76
2016,10011,390
2016,10015,515
2016,11105,739
2016,11110,145
2016,12205,246
2016,12210,262
2016,12215,528
2016,12220,157
2016,12225,112
2016,13305,36
2016,13310,155
2016,13320,45
2016,13328,916
2016,13329,411
2016,10010,739
2016,13330,902
2016,13335,953
2016,24330,879
2016,24403,231
2016,24404,60
2016,24405,819
2016,24406,639
2016,24408,356
2016,24411,248
2016,24412,574
2016,24421,361
2016,24423,760
2016,24430,54
2016,24433,968
2016,24410,578
2016,24485,526
2016,24428,965
2016,24437,137
2016,24440,509
2016,24480,964
2016,24502,147
2016,24505,969
2016,35501,810
2016,35502,27
2016,35505,880
2016,35509,618
2016,46610,745
2016,46640,316
2016,47705,208
2016,47710,644
2016,47715,106
2016,47720,631
2016,47725,699
2016,47735,494
2016,47745,409
2016,47750,63
2016,47840,589
2016,48805,232
2016,48806,556
2016,48810,658
2016,48825,258
2016,35521,450
2016,35522,450
2016,47755,964
2016,48820,723
2016,48821,135
2016,48826,465
2016,35528,642
2016,35529,93
2016,35530,221
2016,35532,290
2016,35527,541
2016,35531,911
2016,35533,950
2016,35535,432
2016,35537,524
2016,35539,138
2016,35541,863
2016,35543,705
2016,35547,89
2016,35550,411
2016,35553,927
2016,35555,10
2016,35556,317
2016,35557,418
2016,35559,894
2016,35562,297
2016,35566,16
2016,35567,868
2016,35544,621
2016,35546,239
2016,59965,654
2016,59975,72
2016,59977,520
2016,60990,12
2016,35595,410
2016,35598,463
2016,46602,127
2016,35582,897
2016,35586,896
2016,46603,821
2016,35507,192
2016,35515,702
2016,35516,876
2016,46605,250
2016,46607,975
2016,59907,493
2016,59913,9
2016,59915,659
2016,59918,532
2016,59920,27
2016,59925,22
2016,59930,881
2016,59932,461
2016,59933,355
2016,59934,890
2016,59935,376
2016,59937,273
2016,59938,472
2016,59939,14
2016,59940,953
2016,59943,817
2016,59944,413
2016,59945,653
2016,59950,738
2016,59952,6
2016,59955,33
2016,59970,992
2016,61995,503
2016,48828,18
2016,48830,538
2016,48831,856
2016,48832,80
2016,48833,634
2016,48835,999
2016,48840,829
2016,48845,56
2016,48850,344
2016,48860,587
2016,48865,124
2016,59905,214
2017,35512,324
2017,24442,151
2017,24444,707
2017,24447,44
2017,24450,155
2017,24454,219
2017,24456,10
2017,24462,193
2017,24465,18
2017,35568,421
2017,35571,167
2017,35575,470
2017,35580,641
2017,35590,790
2017,35565,544
2017,35569,278
2017,24452,755
2017,24468,49
2017,10001,874
2017,10005,329
2017,10011,564
2017,10015,379
2017,11105,407
2017,11110,135
2017,12205,550
2017,12210,179
2017,12215,584
2017,12220,292
2017,12225,456
2017,13305,583
2017,13310,132
2017,13320,441
2017,13328,195
2017,13329,310
2017,10010,806
2017,13330,801
2017,13335,135
2017,24330,991
2017,24403,525
2017,24404,71
2017,24405,62
2017,24406,333
2017,24408,146
2017,24411,211
2017,24412,40
2017,24421,851
2017,24423,7
2017,24430,245
2017,24433,459
2017,24410,556
2017,24485,555
2017,24428,879
2017,24437,730
2017,24440,581
2017,24480,663
2017,24502,981
2017,24505,48
2017,35501,456
2017,35502,940
2017,35505,822
2017,35509,117
2017,46610,137
2017,46640,953
2017,47705,860
2017,47710,985
2017,47715,349
2017,47720,668
2017,47725,885
2017,47735,866
2017,47745,217
2017,47750,717
2017,47840,863
2017,48805,470
2017,48806,450
2017,48810,150
2017,48825,247
2017,35521,657
2017,35522,662
2017,47755,721
2017,48820,691
2017,48821,635
2017,48826,88
2017,35528,169
2017,35529,310
2017,35530,829
2017,35532,310
2017,35527,335
2017,35531,136
2017,35533,599
2017,35535,229
2017,35537,427
2017,35539,454
2017,35541,845
2017,35543,403
2017,35547,130
2017,35550,380
2017,35553,385
2017,35555,108
2017,35556,27
2017,35557,327
2017,35559,318
2017,35562,7
2017,35566,837
2017,35567,762
2017,35544,606
2017,35546,141
2017,59965,822
2017,59975,93
2017,59977,783
2017,60990,466
2017,35595,378
2017,35598,871
2017,46602,196
2017,35582,643
2017,35586,653
2017,46603,161
2017,35507,90
2017,35515,932
2017,35516,220
2017,46605,272
2017,46607,693
2017,59907,804
2017,59913,221
2017,59915,626
2017,59918,560
2017,59920,807
2017,59925,297
2017,59930,30
2017,59932,490
2017,59933,49
2017,59934,692
2017,59935,290
2017,59937,145
2017,59938,848
2017,59939,880
2017,59940,437
2017,59943,564
2017,59944,848
2017,59945,992
2017,59950,858
2017,59952,813
2017,59955,501
2017,59970,301
2017,61995,504
2017,48828,735
2017,48830,762
2017,48831,408
2017,48832,794
2017,48833,65
2017,48835,368
2017,48840,483
2017,48845,328
2017,48850,316
2017,48860,45
2017,48865,988
2017,59905,1000
2018,35512,382
2018,24442,621
2018,24444,614
2018,24447,290
2018,24450,449
2018,24454,700
2018,24456,116
2018,24462,838
2018,24465,40
2018,35568,594
2018,35571,94
2018,35575,981
2018,35580,912
2018,35590,234
2018,35565,395
2018,35569,712
2018,24452,115
2018,24468,89
2018,10001,51
2018,10005,157
2018,10011,265
2018,10015,717
2018,11105,877
2018,11110,998
2018,12205,249
2018,12210,34
2018,12215,566
2018,12220,618
2018,12225,20
2018,13305,900
2018,13310,432
2018,13320,256
2018,13328,74
2018,13329,293
2018,10010,248
2018,13330,470
2018,13335,555
2018,24330,952
2018,24403,971
2018,24404,205
2018,24405,912
2018,24406,267
2018,24408,312
2018,24411,822
2018,24412,166
2018,24421,686
2018,24423,661
2018,24430,865
2018,24433,726
2018,24410,506
2018,24485,862
2018,24428,51
2018,24437,257
2018,24440,973
2018,24480,637
2018,24502,377
2018,24505,934
2018,35501,36
2018,35502,265
2018,35505,899
2018,35509,512
2018,46610,920
2018,46640,131
2018,47705,662
2018,47710,158
2018,47715,139
2018,47720,137
2018,47725,335
2018,47735,277
2018,47745,914
2018,47750,97
2018,47840,160
2018,48805,41
2018,48806,258
2018,48810,581
2018,48825,696
2018,35521,773
2018,35522,594
2018,47755,62
2018,48820,931
2018,48821,36
2018,48826,60
2018,35528,834
2018,35529,107
2018,35530,656
2018,35532,738
2018,35527,556
2018,35531,36
2018,35533,720
2018,35535,697
2018,35537,605
2018,35539,505
2018,35541,999
2018,35543,469
2018,35547,550
2018,35550,542
2018,35553,290
2018,35555,308
2018,35556,364
2018,35557,647
2018,35559,566
2018,35562,706
2018,35566,595
2018,35567,931
2018,35544,124
2018,35546,255
2018,59965,256
2018,59975,314
2018,59977,804
2018,60990,239
2018,35595,765
2018,35598,439
2018,46602,607
2018,35582,568
2018,35586,773
2018,46603,64
2018,35507,934
2018,35515,185
2018,35516,520
2018,46605,340
2018,46607,100
2018,59907,66
2018,59913,174
2018,59915,126
2018,59918,861
2018,59920,171
2018,59925,229
2018,59930,29
2018,59932,347
2018,59933,261
2018,59934,434
2018,59935,798
2018,59937,497
2018,59938,49
2018,59939,643
2018,59940,882
2018,59943,336
2018,59944,503
2018,59945,425
2018,59950,637
2018,59952,102
2018,59955,117
2018,59970,133
2018,61995,839
2018,48828,652
2018,48830,177
2018,48831,985
2018,48832,794
2018,48833,187
2018,48835,326
2018,48840,132
2018,48845,792
2018,48850,667
2018,48860,817
2018,48865,1000
2018,59905,945
2019,35512,146
2019,24442,173
2019,24444,208
2019,24447,798
2019,24450,840
2019,24454,331
2019,24456,665
2019,24462,639
2019,24465,176
2019,35568,516
2019,35571,452
2019,35575,97
2019,35580,431
2019,35590,505
2019,35565,576
2019,35569,109
2019,24452,901
2019,24468,437
2019,10001,962
2019,10005,541
2019,10011,577
2019,10015,444
2019,11105,805
2019,11110,160
2019,12205,574
2019,12210,324
2019,12215,268
2019,12220,880
2019,12225,581
2019,13305,110
2019,13310,841
2019,13320,992
2019,13328,233
2019,13329,802
2019,10010,793
2019,13330,650
2019,13335,610
2019,24330,299
2019,24403,565
2019,24404,625
2019,24405,675
2019,24406,210
2019,24408,815
2019,24411,579
2019,24412,987
2019,24421,641
2019,24423,24
2019,24430,1000
2019,24433,337
2019,24410,971
2019,24485,780
2019,24428,198
2019,24437,993
2019,24440,698
2019,24480,955
2019,24502,141
2019,24505,106
2019,35501,580
2019,35502,304
2019,35505,955
2019,35509,135
2019,46610,819
2019,46640,420
2019,47705,321
2019,47710,763
2019,47715,592
2019,47720,958
2019,47725,463
2019,47735,803
2019,47745,315
2019,47750,625
2019,47840,272
2019,48805,239
2019,48806,232
2019,48810,681
2019,48825,628
2019,35521,714
2019,35522,824
2019,47755,127
2019,48820,149
2019,48821,708
2019,48826,488
2019,35528,845
2019,35529,328
2019,35530,109
2019,35532,662
2019,35527,326
2019,35531,805
2019,35533,518
2019,35535,489
2019,35537,824
2019,35539,531
2019,35541,645
2019,35543,246
2019,35547,104
2019,35550,532
2019,35553,803
2019,35555,652
2019,35556,13
2019,35557,652
2019,35559,297
2019,35562,990
2019,35566,386
2019,35567,990
2019,35544,126
2019,35546,464
2019,59965,115
2019,59975,483
2019,59977,774
2019,60990,974
2019,35595,969
2019,35598,550
2019,46602,750
2019,35582,53
2019,35586,803
2019,46603,690
2019,35507,911
2019,35515,45
2019,35516,146
2019,46605,185
2019,46607,332
2019,59907,470
2019,59913,24
2019,59915,672
2019,59918,85
2019,59920,252
2019,59925,114
2019,59930,23
2019,59932,775
2019,59933,219
2019,59934,330
2019,59935,914
2019,59937,820
2019,59938,935
2019,59939,493
2019,59940,780
2019,59943,805
2019,59944,314
2019,59945,177
2019,59950,239
2019,59952,797
2019,59955,488
2019,59970,664
2019,61995,158
2019,48828,883
2019,48830,848
2019,48831,603
2019,48832,30
2019,48833,496
2019,48835,159
2019,48840,842
2019,48845,497
2019,48850,751
2019,48860,795
2019,48865,284
2019,59905,909
2020,35512,992
2020,24442,579
2020,24444,174
2020,24447,519
2020,24450,820
2020,24454,949
2020,24456,60
2020,24462,64
2020,24465,893
2020,35568,464
2020,35571,83
2020,35575,703
2020,35580,990
2020,35590,582
2020,35565,383
2020,35569,364
2020,24452,831
2020,24468,747
2020,10001,412
2020,10005,982
2020,10011,335
2020,10015,690
2020,11105,31
2020,11110,7
2020,12205,542
2020,12210,546
2020,12215,463
2020,12220,989
2020,12225,37
2020,13305,677
2020,13310,661
2020,13320,518
2020,13328,693
2020,13329,358
2020,10010,123
2020,13330,641
2020,13335,802
2020,24330,898
2020,24403,605
2020,24404,368
2020,24405,807
2020,24406,377
2020,24408,433
2020,24411,642
2020,24412,657
2020,24421,466
2020,24423,984
2020,24430,127
2020,24433,800
2020,24410,632
2020,24485,736
2020,24428,54
2020,24437,496
2020,24440,395
2020,24480,235
2020,24502,974
2020,24505,148
2020,35501,873
2020,35502,763
2020,35505,463
2020,35509,446
2020,46610,464
2020,46640,378
2020,47705,695
2020,47710,849
2020,47715,706
2020,47720,296
2020,47725,818
2020,47735,822
2020,47745,417
2020,47750,283
2020,47840,603
2020,48805,455
2020,48806,905
2020,48810,745
2020,48825,715
2020,35521,419
2020,35522,309
2020,47755,744
2020,48820,561
2020,48821,751
2020,48826,684
2020,35528,305
2020,35529,688
2020,35530,175
2020,35532,952
2020,35527,484
2020,35531,948
2020,35533,112
2020,35535,743
2020,35537,640
2020,35539,607
2020,35541,751
2020,35543,766
2020,35547,128
2020,35550,878
2020,35553,890
2020,35555,780
2020,35556,330
2020,35557,896
2020,35559,189
2020,35562,996
2020,35566,793
2020,35567,361
2020,35544,579
2020,35546,340
2020,59965,704
2020,59975,943
2020,59977,711
2020,60990,577
2020,35595,552
2020,35598,627
2020,46602,711
2020,35582,162
2020,35586,422
2020,46603,240
2020,35507,22
2020,35515,634
2020,35516,925
2020,46605,82
2020,46607,583
2020,59907,601
2020,59913,825
2020,59915,414
2020,59918,419
2020,59920,641
2020,59925,367
2020,59930,432
2020,59932,494
2020,59933,333
2020,59934,317
2020,59935,106
2020,59937,209
2020,59938,706
2020,59939,209
2020,59940,699
2020,59943,201
2020,59944,596
2020,59945,178
2020,59950,891
2020,59952,218
2020,59955,978
2020,59970,537
2020,61995,354
2020,48828,429
2020,48830,168
2020,48831,11
2020,48832,499
2020,48833,165
2020,48835,526
2020,48840,140
2020,48845,593
2020,48850,607
2020,48860,764
2020,48865,894
2020,59905,996
