REF_DATE,VALUE,from,dim_trad,dim_mode,dim_years,dim_type,to
2008,20,1,1,1,1,1,9
2008,5,1,1,1,1,1,10
2008,5,1,1,1,2,1,3
2008,5,1,1,1,2,1,6
2008,15,1,1,1,2,1,9
2008,5,1,1,1,2,1,11
2008,5,1,2,1,1,1,9
2008,25,1,4,1,1,1,9
2008,5,1,4,1,1,1,10
2008,5,1,4,1,2,1,3
2008,5,1,4,1,2,1,6
2008,15,1,4,1,2,1,9
2008,5,1,4,1,2,1,11
2008,5,2,1,1,1,1,9
2008,5,2,1,1,2,1,4
2008,10,2,1,1,2,1,9
2008,5,2,4,1,1,1,9
2008,5,2,4,1,2,1,4
2008,10,2,4,1,2,1,9
2008,5,3,1,1,1,1,4
2008,5,3,1,1,1,1,6
2008,20,3,1,1,1,1,9
2008,5,3,1,1,1,1,10
2008,5,3,1,1,2,1,4
2008,15,3,1,1,2,1,9
2008,5,3,1,1,2,1,10
2008,5,3,2,1,1,1,9
2008,5,3,2,1,2,1,4
2008,5,3,2,1,2,1,6
2008,5,3,2,1,2,1,9
2008,5,3,4,1,1,1,4
2008,5,3,4,1,1,1,6
2008,25,3,4,1,1,1,9
2008,5,3,4,1,1,1,10
2008,10,3,4,1,2,1,4
2008,5,3,4,1,2,1,6
2008,20,3,4,1,2,1,9
2008,5,3,4,1,2,1,10
2008,5,4,1,1,1,1,3
2008,5,4,1,1,1,1,5
2008,5,4,1,1,1,1,9
2008,5,4,1,1,2,1,5
2008,5,4,1,1,2,1,9
2008,5,4,2,1,2,1,9
2008,5,4,4,1,1,1,3
2008,5,4,4,1,1,1,5
2008,5,4,4,1,1,1,9
2008,5,4,4,1,2,1,5
2008,10,4,4,1,2,1,9
2008,5,5,1,1,1,1,6
2008,5,5,1,1,1,1,9
2008,5,5,1,1,2,1,6
2008,5,5,1,1,2,1,9
2008,10,5,2,1,1,1,9
2008,5,5,2,1,2,1,9
2008,5,5,3,1,1,1,4
2008,35,5,3,1,1,1,6
2008,5,5,3,1,2,1,4
2008,30,5,3,1,2,1,6
2008,5,5,3,1,2,1,9
2008,5,5,3,1,2,1,10
2008,5,5,4,1,1,1,4
2008,40,5,4,1,1,1,6
2008,15,5,4,1,1,1,9
2008,5,5,4,1,2,1,4
2008,35,5,4,1,2,1,6
2008,15,5,4,1,2,1,9
2008,5,5,4,1,2,1,10
2008,5,6,1,1,1,1,1
2008,5,6,1,1,1,1,3
2008,20,6,1,1,1,1,5
2008,5,6,1,1,1,1,8
2008,55,6,1,1,1,1,9
2008,30,6,1,1,1,1,10
2008,10,6,1,1,2,1,1
2008,5,6,1,1,2,1,3
2008,25,6,1,1,2,1,5
2008,5,6,1,1,2,1,7
2008,15,6,1,1,2,1,8
2008,70,6,1,1,2,1,9
2008,35,6,1,1,2,1,10
2008,5,6,1,1,2,1,11
2008,5,6,2,1,1,1,4
2008,20,6,2,1,1,1,5
2008,20,6,2,1,1,1,9
2008,15,6,2,1,1,1,10
2008,5,6,2,1,2,1,1
2008,5,6,2,1,2,1,3
2008,15,6,2,1,2,1,5
2008,5,6,2,1,2,1,8
2008,30,6,2,1,2,1,9
2008,15,6,2,1,2,1,10
2008,5,6,3,1,1,1,1
2008,5,6,3,1,1,1,3
2008,30,6,3,1,1,1,5
2008,5,6,3,1,1,1,8
2008,10,6,3,1,1,1,9
2008,5,6,3,1,1,1,10
2008,30,6,3,1,2,1,5
2008,5,6,3,1,2,1,7
2008,10,6,3,1,2,1,9
2008,10,6,3,1,2,1,10
2008,10,6,4,1,1,1,1
2008,10,6,4,1,1,1,3
2008,5,6,4,1,1,1,4
2008,70,6,4,1,1,1,5
2008,10,6,4,1,1,1,8
2008,85,6,4,1,1,1,9
2008,50,6,4,1,1,1,10
2008,15,6,4,1,2,1,1
2008,10,6,4,1,2,1,3
2008,70,6,4,1,2,1,5
2008,10,6,4,1,2,1,7
2008,20,6,4,1,2,1,8
2008,110,6,4,1,2,1,9
2008,60,6,4,1,2,1,10
2008,5,6,4,1,2,1,11
2008,5,7,1,1,1,1,6
2008,5,7,1,1,1,1,8
2008,5,7,1,1,1,1,9
2008,5,7,1,1,1,1,10
2008,5,7,1,1,2,1,3
2008,5,7,1,1,2,1,6
2008,10,7,1,1,2,1,8
2008,10,7,1,1,2,1,9
2008,5,7,1,1,2,1,10
2008,5,7,2,1,1,1,6
2008,5,7,2,1,1,1,8
2008,5,7,2,1,1,1,9
2008,10,7,2,1,2,1,6
2008,5,7,2,1,2,1,8
2008,5,7,2,1,2,1,9
2008,10,7,3,1,1,1,6
2008,5,7,3,1,1,1,9
2008,10,7,3,1,2,1,6
2008,5,7,3,1,2,1,8
2008,5,7,3,1,2,1,9
2008,20,7,4,1,1,1,6
2008,10,7,4,1,1,1,8
2008,15,7,4,1,1,1,9
2008,5,7,4,1,1,1,10
2008,5,7,4,1,2,1,3
2008,25,7,4,1,2,1,6
2008,20,7,4,1,2,1,8
2008,20,7,4,1,2,1,9
2008,5,7,4,1,2,1,10
2008,5,8,1,1,1,1,7
2008,15,8,1,1,1,1,9
2008,5,8,1,1,2,1,6
2008,5,8,1,1,2,1,7
2008,20,8,1,1,2,1,9
2008,5,8,1,1,2,1,10
2008,10,8,2,1,1,1,9
2008,5,8,2,1,2,1,7
2008,10,8,2,1,2,1,9
2008,5,8,4,1,1,1,7
2008,25,8,4,1,1,1,9
2008,5,8,4,1,2,1,6
2008,10,8,4,1,2,1,7
2008,30,8,4,1,2,1,9
2008,5,8,4,1,2,1,10
2008,10,9,1,1,1,1,1
2008,5,9,1,1,1,1,3
2008,5,9,1,1,1,1,4
2008,5,9,1,1,1,1,5
2008,20,9,1,1,1,1,6
2008,15,9,1,1,1,1,7
2008,85,9,1,1,1,1,8
2008,115,9,1,1,1,1,10
2008,5,9,1,1,1,1,11
2008,15,9,1,1,2,1,1
2008,5,9,1,1,2,1,2
2008,10,9,1,1,2,1,3
2008,5,9,1,1,2,1,4
2008,5,9,1,1,2,1,5
2008,20,9,1,1,2,1,6
2008,15,9,1,1,2,1,7
2008,100,9,1,1,2,1,8
2008,140,9,1,1,2,1,10
2008,5,9,1,1,2,1,11
2008,5,9,2,1,1,1,1
2008,5,9,2,1,1,1,3
2008,10,9,2,1,1,1,6
2008,5,9,2,1,1,1,7
2008,20,9,2,1,1,1,8
2008,45,9,2,1,1,1,10
2008,5,9,2,1,1,1,11
2008,10,9,2,1,2,1,1
2008,5,9,2,1,2,1,3
2008,10,9,2,1,2,1,6
2008,5,9,2,1,2,1,7
2008,20,9,2,1,2,1,8
2008,50,9,2,1,2,1,10
2008,5,9,3,1,1,1,8
2008,5,9,3,1,1,1,10
2008,5,9,3,1,2,1,6
2008,10,9,3,1,2,1,8
2008,10,9,3,1,2,1,10
2008,15,9,4,1,1,1,1
2008,10,9,4,1,1,1,3
2008,5,9,4,1,1,1,4
2008,5,9,4,1,1,1,5
2008,30,9,4,1,1,1,6
2008,20,9,4,1,1,1,7
2008,110,9,4,1,1,1,8
2008,165,9,4,1,1,1,10
2008,10,9,4,1,1,1,11
2008,25,9,4,1,2,1,1
2008,5,9,4,1,2,1,2
2008,15,9,4,1,2,1,3
2008,5,9,4,1,2,1,4
2008,5,9,4,1,2,1,5
2008,35,9,4,1,2,1,6
2008,20,9,4,1,2,1,7
2008,130,9,4,1,2,1,8
2008,200,9,4,1,2,1,10
2008,5,9,4,1,2,1,11
2008,5,10,1,1,1,1,6
2008,5,10,1,1,1,1,7
2008,5,10,1,1,1,1,8
2008,60,10,1,1,1,1,9
2008,5,10,1,1,1,1,11
2008,5,10,1,1,2,1,5
2008,10,10,1,1,2,1,6
2008,5,10,1,1,2,1,7
2008,15,10,1,1,2,1,8
2008,85,10,1,1,2,1,9
2008,5,10,1,1,2,1,11
2008,5,10,2,1,1,1,6
2008,20,10,2,1,1,1,9
2008,5,10,2,1,2,1,6
2008,30,10,2,1,2,1,9
2008,5,10,3,1,1,1,8
2008,10,10,3,1,1,1,9
2008,5,10,3,1,2,1,6
2008,20,10,3,1,2,1,9
2008,10,10,4,1,1,1,6
2008,5,10,4,1,1,1,7
2008,10,10,4,1,1,1,8
2008,90,10,4,1,1,1,9
2008,5,10,4,1,1,1,11
2008,5,10,4,1,2,1,5
2008,20,10,4,1,2,1,6
2008,5,10,4,1,2,1,7
2008,15,10,4,1,2,1,8
2008,135,10,4,1,2,1,9
2008,5,10,4,1,2,1,11
2008,5,11,1,1,1,1,8
2008,5,11,1,1,1,1,9
2008,10,11,1,1,2,1,9
2008,5,11,1,1,2,1,10
2008,5,11,4,1,1,1,8
2008,5,11,4,1,1,1,9
2008,10,11,4,1,2,1,9
2008,5,11,4,1,2,1,10
2009,5,1,1,1,1,1,3
2009,5,1,1,1,1,1,6
2009,15,1,1,1,1,1,9
2009,5,1,1,1,2,1,6
2009,15,1,1,1,2,1,9
2009,5,1,2,1,1,1,9
2009,5,1,2,1,2,1,9
2009,5,1,4,1,1,1,3
2009,5,1,4,1,1,1,6
2009,20,1,4,1,1,1,9
2009,5,1,4,1,2,1,6
2009,20,1,4,1,2,1,9
2009,5,2,1,1,1,1,4
2009,5,2,1,1,1,1,6
2009,5,2,1,1,1,1,8
2009,5,2,1,1,2,1,1
2009,5,2,1,1,2,1,4
2009,5,2,1,1,2,1,6
2009,10,2,1,1,2,1,9
2009,5,2,4,1,1,1,4
2009,5,2,4,1,1,1,6
2009,5,2,4,1,1,1,8
2009,5,2,4,1,2,1,1
2009,5,2,4,1,2,1,4
2009,5,2,4,1,2,1,6
2009,10,2,4,1,2,1,9
2009,5,3,1,1,1,1,6
2009,20,3,1,1,1,1,9
2009,5,3,1,1,1,1,10
2009,5,3,1,1,2,1,6
2009,5,3,1,1,2,1,8
2009,20,3,1,1,2,1,9
2009,5,3,1,1,2,1,10
2009,5,3,1,1,2,1,11
2009,5,3,2,1,2,1,4
2009,10,3,2,1,2,1,9
2009,5,3,4,1,1,1,6
2009,20,3,4,1,1,1,9
2009,5,3,4,1,1,1,10
2009,5,3,4,1,2,1,4
2009,5,3,4,1,2,1,6
2009,5,3,4,1,2,1,8
2009,30,3,4,1,2,1,9
2009,5,3,4,1,2,1,10
2009,5,3,4,1,2,1,11
2009,10,4,1,1,1,1,9
2009,5,4,1,1,2,1,5
2009,5,4,1,1,2,1,7
2009,10,4,1,1,2,1,9
2009,5,4,2,1,2,1,9
2009,10,4,4,1,1,1,9
2009,5,4,4,1,2,1,5
2009,5,4,4,1,2,1,7
2009,15,4,4,1,2,1,9
2009,5,5,1,1,1,1,4
2009,5,5,1,1,1,1,9
2009,5,5,1,1,1,1,10
2009,5,5,1,1,2,1,10
2009,5,5,2,1,1,1,9
2009,10,5,2,1,2,1,9
2009,10,5,3,1,1,1,6
2009,5,5,3,1,1,1,9
2009,10,5,3,1,2,1,6
2009,5,5,3,1,2,1,8
2009,5,5,3,1,2,1,9
2009,5,5,3,1,2,1,10
2009,5,5,4,1,1,1,4
2009,10,5,4,1,1,1,6
2009,15,5,4,1,1,1,9
2009,5,5,4,1,1,1,10
2009,10,5,4,1,2,1,6
2009,5,5,4,1,2,1,8
2009,15,5,4,1,2,1,9
2009,10,5,4,1,2,1,10
2009,5,6,1,1,1,1,1
2009,5,6,1,1,1,1,2
2009,5,6,1,1,1,1,3
2009,5,6,1,1,1,1,4
2009,35,6,1,1,1,1,5
2009,5,6,1,1,1,1,7
2009,10,6,1,1,1,1,8
2009,40,6,1,1,1,1,9
2009,20,6,1,1,1,1,10
2009,5,6,1,1,2,1,1
2009,5,6,1,1,2,1,2
2009,5,6,1,1,2,1,3
2009,5,6,1,1,2,1,4
2009,30,6,1,1,2,1,5
2009,5,6,1,1,2,1,7
2009,20,6,1,1,2,1,8
2009,65,6,1,1,2,1,9
2009,30,6,1,1,2,1,10
2009,5,6,2,1,1,1,3
2009,10,6,2,1,1,1,5
2009,10,6,2,1,1,1,8
2009,10,6,2,1,1,1,9
2009,5,6,2,1,1,1,10
2009,5,6,2,1,2,1,3
2009,5,6,2,1,2,1,4
2009,10,6,2,1,2,1,5
2009,10,6,2,1,2,1,8
2009,20,6,2,1,2,1,9
2009,10,6,2,1,2,1,10
2009,10,6,3,1,1,1,5
2009,5,6,3,1,1,1,7
2009,5,6,3,1,1,1,9
2009,5,6,3,1,1,1,11
2009,10,6,3,1,2,1,5
2009,5,6,3,1,2,1,9
2009,5,6,3,1,2,1,11
2009,5,6,4,1,1,1,1
2009,5,6,4,1,1,1,2
2009,10,6,4,1,1,1,3
2009,5,6,4,1,1,1,4
2009,55,6,4,1,1,1,5
2009,10,6,4,1,1,1,7
2009,20,6,4,1,1,1,8
2009,55,6,4,1,1,1,9
2009,25,6,4,1,1,1,10
2009,5,6,4,1,1,1,11
2009,5,6,4,1,2,1,1
2009,5,6,4,1,2,1,2
2009,10,6,4,1,2,1,3
2009,10,6,4,1,2,1,4
2009,50,6,4,1,2,1,5
2009,5,6,4,1,2,1,7
2009,30,6,4,1,2,1,8
2009,90,6,4,1,2,1,9
2009,40,6,4,1,2,1,10
2009,5,6,4,1,2,1,11
2009,10,7,1,1,1,1,8
2009,5,7,1,1,1,1,9
2009,5,7,1,1,1,1,10
2009,5,7,1,1,2,1,3
2009,5,7,1,1,2,1,6
2009,20,7,1,1,2,1,8
2009,5,7,1,1,2,1,9
2009,5,7,1,1,2,1,10
2009,5,7,2,1,1,1,6
2009,5,7,2,1,1,1,8
2009,5,7,2,1,1,1,9
2009,5,7,2,1,2,1,6
2009,5,7,2,1,2,1,8
2009,5,7,2,1,2,1,9
2009,5,7,2,1,2,1,10
2009,5,7,3,1,1,1,6
2009,5,7,3,1,1,1,8
2009,5,7,3,1,2,1,6
2009,5,7,3,1,2,1,8
2009,10,7,4,1,1,1,6
2009,20,7,4,1,1,1,8
2009,10,7,4,1,1,1,9
2009,5,7,4,1,1,1,10
2009,5,7,4,1,2,1,3
2009,15,7,4,1,2,1,6
2009,30,7,4,1,2,1,8
2009,10,7,4,1,2,1,9
2009,10,7,4,1,2,1,10
2009,10,8,1,1,1,1,7
2009,15,8,1,1,1,1,9
2009,5,8,1,1,1,1,10
2009,10,8,1,1,2,1,7
2009,20,8,1,1,2,1,9
2009,5,8,1,1,2,1,10
2009,10,8,2,1,1,1,9
2009,5,8,2,1,2,1,7
2009,5,8,2,1,2,1,9
2009,5,8,3,1,2,1,9
2009,10,8,4,1,1,1,7
2009,25,8,4,1,1,1,9
2009,5,8,4,1,1,1,10
2009,15,8,4,1,2,1,7
2009,30,8,4,1,2,1,9
2009,5,8,4,1,2,1,10
2009,20,9,1,1,1,1,1
2009,10,9,1,1,1,1,3
2009,5,9,1,1,1,1,4
2009,5,9,1,1,1,1,5
2009,45,9,1,1,1,1,6
2009,15,9,1,1,1,1,7
2009,125,9,1,1,1,1,8
2009,115,9,1,1,1,1,10
2009,5,9,1,1,1,1,11
2009,25,9,1,1,2,1,1
2009,5,9,1,1,2,1,2
2009,5,9,1,1,2,1,3
2009,10,9,1,1,2,1,4
2009,10,9,1,1,2,1,5
2009,45,9,1,1,2,1,6
2009,15,9,1,1,2,1,7
2009,140,9,1,1,2,1,8
2009,155,9,1,1,2,1,10
2009,10,9,2,1,1,1,1
2009,5,9,2,1,1,1,3
2009,5,9,2,1,1,1,4
2009,5,9,2,1,1,1,6
2009,5,9,2,1,1,1,7
2009,40,9,2,1,1,1,8
2009,50,9,2,1,1,1,10
2009,10,9,2,1,2,1,1
2009,10,9,2,1,2,1,3
2009,5,9,2,1,2,1,4
2009,10,9,2,1,2,1,6
2009,5,9,2,1,2,1,7
2009,45,9,2,1,2,1,8
2009,50,9,2,1,2,1,10
2009,5,9,3,1,1,1,2
2009,5,9,3,1,1,1,8
2009,10,9,3,1,1,1,10
2009,5,9,3,1,2,1,1
2009,5,9,3,1,2,1,7
2009,5,9,3,1,2,1,8
2009,10,9,3,1,2,1,10
2009,30,9,4,1,1,1,1
2009,5,9,4,1,1,1,2
2009,15,9,4,1,1,1,3
2009,10,9,4,1,1,1,4
2009,5,9,4,1,1,1,5
2009,50,9,4,1,1,1,6
2009,20,9,4,1,1,1,7
2009,170,9,4,1,1,1,8
2009,175,9,4,1,1,1,10
2009,5,9,4,1,1,1,11
2009,40,9,4,1,2,1,1
2009,5,9,4,1,2,1,2
2009,15,9,4,1,2,1,3
2009,15,9,4,1,2,1,4
2009,10,9,4,1,2,1,5
2009,55,9,4,1,2,1,6
2009,25,9,4,1,2,1,7
2009,190,9,4,1,2,1,8
2009,215,9,4,1,2,1,10
2009,5,10,1,1,1,1,2
2009,5,10,1,1,1,1,3
2009,10,10,1,1,1,1,6
2009,10,10,1,1,1,1,8
2009,45,10,1,1,1,1,9
2009,10,10,1,1,2,1,3
2009,10,10,1,1,2,1,6
2009,5,10,1,1,2,1,7
2009,10,10,1,1,2,1,8
2009,75,10,1,1,2,1,9
2009,5,10,1,1,2,1,11
2009,5,10,2,1,1,1,1
2009,5,10,2,1,1,1,3
2009,5,10,2,1,1,1,5
2009,5,10,2,1,1,1,7
2009,15,10,2,1,1,1,9
2009,5,10,2,1,1,1,11
2009,5,10,2,1,2,1,4
2009,5,10,2,1,2,1,5
2009,20,10,2,1,2,1,9
2009,5,10,3,1,1,1,6
2009,5,10,3,1,1,1,8
2009,15,10,3,1,1,1,9
2009,5,10,3,1,2,1,1
2009,10,10,3,1,2,1,6
2009,5,10,3,1,2,1,8
2009,25,10,3,1,2,1,9
2009,5,10,4,1,1,1,1
2009,5,10,4,1,1,1,2
2009,10,10,4,1,1,1,3
2009,5,10,4,1,1,1,5
2009,15,10,4,1,1,1,6
2009,5,10,4,1,1,1,7
2009,15,10,4,1,1,1,8
2009,75,10,4,1,1,1,9
2009,5,10,4,1,1,1,11
2009,5,10,4,1,2,1,1
2009,10,10,4,1,2,1,3
2009,5,10,4,1,2,1,4
2009,5,10,4,1,2,1,5
2009,20,10,4,1,2,1,6
2009,5,10,4,1,2,1,7
2009,15,10,4,1,2,1,8
2009,120,10,4,1,2,1,9
2009,5,10,4,1,2,1,11
2009,5,11,1,1,2,1,9
2009,5,11,1,1,2,1,10
2009,5,11,4,1,2,1,9
2009,5,11,4,1,2,1,10
2010,5,1,1,1,1,1,4
2010,5,1,1,1,1,1,6
2010,10,1,1,1,1,1,9
2010,10,1,1,1,2,1,9
2010,5,1,1,1,2,1,10
2010,5,1,2,1,2,1,9
2010,5,1,4,1,1,1,4
2010,5,1,4,1,1,1,6
2010,10,1,4,1,1,1,9
2010,15,1,4,1,2,1,9
2010,5,1,4,1,2,1,10
2010,5,2,1,1,1,1,1
2010,5,2,1,1,1,1,6
2010,10,2,1,1,1,1,9
2010,5,2,1,1,2,1,6
2010,10,2,1,1,2,1,9
2010,5,2,4,1,1,1,1
2010,5,2,4,1,1,1,6
2010,10,2,4,1,1,1,9
2010,5,2,4,1,2,1,6
2010,10,2,4,1,2,1,9
2010,5,3,1,1,1,1,6
2010,5,3,1,1,1,1,8
2010,5,3,1,1,1,1,9
2010,5,3,1,1,1,1,10
2010,5,3,1,1,2,1,2
2010,5,3,1,1,2,1,4
2010,15,3,1,1,2,1,9
2010,10,3,2,1,1,1,9
2010,10,3,2,1,2,1,9
2010,5,3,4,1,1,1,6
2010,5,3,4,1,1,1,8
2010,15,3,4,1,1,1,9
2010,5,3,4,1,1,1,10
2010,5,3,4,1,2,1,2
2010,5,3,4,1,2,1,4
2010,25,3,4,1,2,1,9
2010,5,4,1,1,1,1,5
2010,10,4,1,1,1,1,9
2010,5,4,1,1,2,1,3
2010,5,4,1,1,2,1,8
2010,20,4,1,1,2,1,9
2010,5,4,2,1,2,1,9
2010,5,4,4,1,1,1,5
2010,10,4,4,1,1,1,9
2010,5,4,4,1,2,1,3
2010,5,4,4,1,2,1,8
2010,25,4,4,1,2,1,9
2010,5,5,1,1,1,1,2
2010,5,5,1,1,1,1,9
2010,5,5,1,1,2,1,9
2010,5,5,2,1,2,1,6
2010,5,5,2,1,2,1,9
2010,10,5,3,1,1,1,6
2010,10,5,3,1,1,1,9
2010,10,5,3,1,2,1,6
2010,10,5,3,1,2,1,9
2010,5,5,4,1,1,1,2
2010,10,5,4,1,1,1,6
2010,15,5,4,1,1,1,9
2010,15,5,4,1,2,1,6
2010,20,5,4,1,2,1,9
2010,5,6,1,1,1,1,1
2010,20,6,1,1,1,1,5
2010,5,6,1,1,1,1,7
2010,20,6,1,1,1,1,8
2010,35,6,1,1,1,1,9
2010,25,6,1,1,1,1,10
2010,5,6,1,1,2,1,1
2010,5,6,1,1,2,1,3
2010,25,6,1,1,2,1,5
2010,5,6,1,1,2,1,7
2010,15,6,1,1,2,1,8
2010,65,6,1,1,2,1,9
2010,30,6,1,1,2,1,10
2010,5,6,1,1,2,1,11
2010,5,6,2,1,1,1,4
2010,10,6,2,1,1,1,5
2010,15,6,2,1,1,1,9
2010,5,6,2,1,1,1,10
2010,5,6,2,1,2,1,1
2010,5,6,2,1,2,1,4
2010,15,6,2,1,2,1,5
2010,5,6,2,1,2,1,7
2010,35,6,2,1,2,1,9
2010,10,6,2,1,2,1,10
2010,5,6,3,1,1,1,1
2010,5,6,3,1,1,1,3
2010,10,6,3,1,1,1,5
2010,10,6,3,1,1,1,9
2010,5,6,3,1,2,1,3
2010,5,6,3,1,2,1,5
2010,5,6,3,1,2,1,8
2010,15,6,3,1,2,1,9
2010,5,6,3,1,2,1,10
2010,10,6,4,1,1,1,1
2010,5,6,4,1,1,1,3
2010,5,6,4,1,1,1,4
2010,40,6,4,1,1,1,5
2010,5,6,4,1,1,1,7
2010,20,6,4,1,1,1,8
2010,60,6,4,1,1,1,9
2010,30,6,4,1,1,1,10
2010,10,6,4,1,2,1,1
2010,10,6,4,1,2,1,3
2010,5,6,4,1,2,1,4
2010,45,6,4,1,2,1,5
2010,10,6,4,1,2,1,7
2010,20,6,4,1,2,1,8
2010,115,6,4,1,2,1,9
2010,45,6,4,1,2,1,10
2010,5,6,4,1,2,1,11
2010,10,7,1,1,1,1,6
2010,5,7,1,1,1,1,8
2010,10,7,1,1,1,1,9
2010,5,7,1,1,1,1,10
2010,10,7,1,1,2,1,6
2010,5,7,1,1,2,1,8
2010,15,7,1,1,2,1,9
2010,5,7,1,1,2,1,10
2010,5,7,2,1,1,1,6
2010,5,7,2,1,1,1,8
2010,5,7,2,1,2,1,6
2010,10,7,2,1,2,1,8
2010,5,7,2,1,2,1,9
2010,5,7,3,1,1,1,6
2010,5,7,3,1,1,1,8
2010,5,7,3,1,2,1,6
2010,5,7,3,1,2,1,8
2010,20,7,4,1,1,1,6
2010,15,7,4,1,1,1,8
2010,10,7,4,1,1,1,9
2010,5,7,4,1,1,1,10
2010,20,7,4,1,2,1,6
2010,20,7,4,1,2,1,8
2010,20,7,4,1,2,1,9
2010,5,7,4,1,2,1,10
2010,5,8,1,1,1,1,6
2010,5,8,1,1,1,1,7
2010,25,8,1,1,1,1,9
2010,10,8,1,1,1,1,10
2010,10,8,1,1,2,1,6
2010,5,8,1,1,2,1,7
2010,35,8,1,1,2,1,9
2010,15,8,1,1,2,1,10
2010,5,8,2,1,1,1,9
2010,5,8,2,1,1,1,10
2010,5,8,2,1,2,1,9
2010,5,8,2,1,2,1,10
2010,5,8,4,1,1,1,6
2010,5,8,4,1,1,1,7
2010,30,8,4,1,1,1,9
2010,15,8,4,1,1,1,10
2010,10,8,4,1,2,1,6
2010,5,8,4,1,2,1,7
2010,40,8,4,1,2,1,9
2010,20,8,4,1,2,1,10
2010,20,9,1,1,1,1,1
2010,5,9,1,1,1,1,2
2010,15,9,1,1,1,1,3
2010,10,9,1,1,1,1,4
2010,10,9,1,1,1,1,5
2010,40,9,1,1,1,1,6
2010,20,9,1,1,1,1,7
2010,135,9,1,1,1,1,8
2010,150,9,1,1,1,1,10
2010,10,9,1,1,1,1,11
2010,30,9,1,1,2,1,1
2010,5,9,1,1,2,1,2
2010,20,9,1,1,2,1,3
2010,10,9,1,1,2,1,4
2010,10,9,1,1,2,1,5
2010,55,9,1,1,2,1,6
2010,20,9,1,1,2,1,7
2010,140,9,1,1,2,1,8
2010,195,9,1,1,2,1,10
2010,5,9,1,1,2,1,11
2010,15,9,2,1,1,1,1
2010,10,9,2,1,1,1,3
2010,5,9,2,1,1,1,4
2010,15,9,2,1,1,1,6
2010,5,9,2,1,1,1,7
2010,45,9,2,1,1,1,8
2010,60,9,2,1,1,1,10
2010,5,9,2,1,1,1,11
2010,15,9,2,1,2,1,1
2010,10,9,2,1,2,1,3
2010,10,9,2,1,2,1,4
2010,5,9,2,1,2,1,5
2010,15,9,2,1,2,1,6
2010,10,9,2,1,2,1,7
2010,50,9,2,1,2,1,8
2010,75,9,2,1,2,1,10
2010,5,9,2,1,2,1,11
2010,5,9,3,1,1,1,6
2010,5,9,3,1,1,1,8
2010,15,9,3,1,1,1,10
2010,5,9,3,1,2,1,6
2010,5,9,3,1,2,1,8
2010,20,9,3,1,2,1,10
2010,35,9,4,1,1,1,1
2010,5,9,4,1,1,1,2
2010,25,9,4,1,1,1,3
2010,15,9,4,1,1,1,4
2010,10,9,4,1,1,1,5
2010,60,9,4,1,1,1,6
2010,25,9,4,1,1,1,7
2010,185,9,4,1,1,1,8
2010,225,9,4,1,1,1,10
2010,15,9,4,1,1,1,11
2010,45,9,4,1,2,1,1
2010,5,9,4,1,2,1,2
2010,30,9,4,1,2,1,3
2010,20,9,4,1,2,1,4
2010,15,9,4,1,2,1,5
2010,75,9,4,1,2,1,6
2010,30,9,4,1,2,1,7
2010,195,9,4,1,2,1,8
2010,290,9,4,1,2,1,10
2010,10,9,4,1,2,1,11
2010,5,10,1,1,1,1,3
2010,15,10,1,1,1,1,6
2010,10,10,1,1,1,1,8
2010,60,10,1,1,1,1,9
2010,5,10,1,1,2,1,3
2010,5,10,1,1,2,1,5
2010,10,10,1,1,2,1,6
2010,5,10,1,1,2,1,7
2010,10,10,1,1,2,1,8
2010,90,10,1,1,2,1,9
2010,20,10,2,1,1,1,9
2010,5,10,2,1,1,1,11
2010,5,10,2,1,2,1,6
2010,5,10,2,1,2,1,8
2010,30,10,2,1,2,1,9
2010,5,10,3,1,1,1,6
2010,5,10,3,1,1,1,8
2010,40,10,3,1,1,1,9
2010,5,10,3,1,2,1,1
2010,5,10,3,1,2,1,3
2010,5,10,3,1,2,1,4
2010,5,10,3,1,2,1,6
2010,5,10,3,1,2,1,8
2010,55,10,3,1,2,1,9
2010,5,10,3,1,2,1,11
2010,5,10,4,1,1,1,3
2010,20,10,4,1,1,1,6
2010,15,10,4,1,1,1,8
2010,120,10,4,1,1,1,9
2010,5,10,4,1,1,1,11
2010,5,10,4,1,2,1,1
2010,10,10,4,1,2,1,3
2010,5,10,4,1,2,1,4
2010,5,10,4,1,2,1,5
2010,20,10,4,1,2,1,6
2010,5,10,4,1,2,1,7
2010,20,10,4,1,2,1,8
2010,175,10,4,1,2,1,9
2010,5,10,4,1,2,1,11
2010,5,11,1,1,2,1,4
2010,5,11,1,1,2,1,6
2010,5,11,1,1,2,1,9
2010,5,11,1,1,2,1,10
2010,5,11,2,1,1,1,9
2010,5,11,4,1,1,1,9
2010,5,11,4,1,2,1,4
2010,5,11,4,1,2,1,6
2010,5,11,4,1,2,1,9
2010,5,11,4,1,2,1,10
2011,5,1,1,1,1,1,6
2011,5,1,1,1,1,1,9
2011,5,1,1,1,1,1,11
2011,10,1,1,1,2,1,9
2011,5,1,1,1,2,1,11
2011,5,1,2,1,1,1,3
2011,10,1,2,1,1,1,9
2011,5,1,2,1,2,1,9
2011,5,1,4,1,1,1,3
2011,5,1,4,1,1,1,6
2011,15,1,4,1,1,1,9
2011,5,1,4,1,1,1,11
2011,15,1,4,1,2,1,9
2011,5,1,4,1,2,1,11
2011,5,2,1,1,1,1,3
2011,5,2,1,1,1,1,9
2011,5,2,1,1,2,1,3
2011,5,2,1,1,2,1,6
2011,5,2,1,1,2,1,7
2011,5,2,1,1,2,1,8
2011,10,2,1,1,2,1,9
2011,5,2,4,1,1,1,3
2011,5,2,4,1,1,1,9
2011,5,2,4,1,2,1,3
2011,5,2,4,1,2,1,6
2011,5,2,4,1,2,1,7
2011,5,2,4,1,2,1,8
2011,10,2,4,1,2,1,9
2011,5,3,1,1,1,1,6
2011,25,3,1,1,1,1,9
2011,5,3,1,1,1,1,10
2011,5,3,1,1,2,1,1
2011,5,3,1,1,2,1,6
2011,5,3,1,1,2,1,8
2011,35,3,1,1,2,1,9
2011,5,3,2,1,1,1,4
2011,15,3,2,1,2,1,9
2011,5,3,4,1,1,1,4
2011,5,3,4,1,1,1,6
2011,25,3,4,1,1,1,9
2011,5,3,4,1,1,1,10
2011,5,3,4,1,2,1,1
2011,5,3,4,1,2,1,6
2011,5,3,4,1,2,1,8
2011,50,3,4,1,2,1,9
2011,5,4,1,1,1,1,3
2011,5,4,1,1,1,1,6
2011,5,4,1,1,1,1,8
2011,15,4,1,1,1,1,9
2011,5,4,1,1,2,1,8
2011,20,4,1,1,2,1,9
2011,5,4,2,1,1,1,5
2011,5,4,2,1,1,1,9
2011,15,4,2,1,2,1,9
2011,5,4,4,1,1,1,3
2011,5,4,4,1,1,1,5
2011,5,4,4,1,1,1,6
2011,5,4,4,1,1,1,8
2011,20,4,4,1,1,1,9
2011,5,4,4,1,2,1,8
2011,35,4,4,1,2,1,9
2011,5,5,1,1,1,1,6
2011,10,5,1,1,1,1,9
2011,5,5,1,1,1,1,11
2011,10,5,1,1,2,1,6
2011,10,5,1,1,2,1,9
2011,5,5,1,1,2,1,10
2011,5,5,2,1,1,1,6
2011,5,5,2,1,2,1,6
2011,5,5,2,1,2,1,9
2011,5,5,3,1,1,1,4
2011,10,5,3,1,1,1,6
2011,10,5,3,1,1,1,9
2011,5,5,3,1,2,1,4
2011,10,5,3,1,2,1,6
2011,25,5,3,1,2,1,9
2011,5,5,4,1,1,1,4
2011,20,5,4,1,1,1,6
2011,20,5,4,1,1,1,9
2011,5,5,4,1,1,1,11
2011,5,5,4,1,2,1,4
2011,25,5,4,1,2,1,6
2011,40,5,4,1,2,1,9
2011,5,5,4,1,2,1,10
2011,5,6,1,1,1,1,3
2011,20,6,1,1,1,1,5
2011,10,6,1,1,1,1,7
2011,5,6,1,1,1,1,8
2011,55,6,1,1,1,1,9
2011,15,6,1,1,1,1,10
2011,5,6,1,1,2,1,3
2011,5,6,1,1,2,1,4
2011,25,6,1,1,2,1,5
2011,5,6,1,1,2,1,7
2011,10,6,1,1,2,1,8
2011,105,6,1,1,2,1,9
2011,30,6,1,1,2,1,10
2011,5,6,1,1,2,1,11
2011,5,6,2,1,1,1,4
2011,20,6,2,1,1,1,5
2011,5,6,2,1,1,1,8
2011,10,6,2,1,1,1,9
2011,10,6,2,1,1,1,10
2011,5,6,2,1,2,1,1
2011,5,6,2,1,2,1,4
2011,20,6,2,1,2,1,5
2011,5,6,2,1,2,1,8
2011,35,6,2,1,2,1,9
2011,10,6,2,1,2,1,10
2011,5,6,3,1,1,1,3
2011,30,6,3,1,1,1,5
2011,5,6,3,1,1,1,7
2011,5,6,3,1,1,1,8
2011,10,6,3,1,1,1,9
2011,5,6,3,1,1,1,10
2011,5,6,3,1,2,1,1
2011,30,6,3,1,2,1,5
2011,5,6,3,1,2,1,7
2011,5,6,3,1,2,1,8
2011,15,6,3,1,2,1,9
2011,5,6,3,1,2,1,10
2011,10,6,4,1,1,1,3
2011,5,6,4,1,1,1,4
2011,70,6,4,1,1,1,5
2011,15,6,4,1,1,1,7
2011,15,6,4,1,1,1,8
2011,75,6,4,1,1,1,9
2011,30,6,4,1,1,1,10
2011,10,6,4,1,2,1,1
2011,5,6,4,1,2,1,3
2011,10,6,4,1,2,1,4
2011,75,6,4,1,2,1,5
2011,10,6,4,1,2,1,7
2011,20,6,4,1,2,1,8
2011,155,6,4,1,2,1,9
2011,45,6,4,1,2,1,10
2011,5,6,4,1,2,1,11
2011,5,7,1,1,1,1,6
2011,10,7,1,1,1,1,8
2011,10,7,1,1,1,1,9
2011,5,7,1,1,1,1,10
2011,5,7,1,1,2,1,6
2011,5,7,1,1,2,1,8
2011,15,7,1,1,2,1,9
2011,10,7,1,1,2,1,10
2011,5,7,2,1,1,1,6
2011,5,7,2,1,1,1,8
2011,5,7,2,1,1,1,9
2011,10,7,2,1,2,1,6
2011,5,7,2,1,2,1,8
2011,5,7,2,1,2,1,9
2011,5,7,2,1,2,1,10
2011,5,7,3,1,1,1,6
2011,5,7,3,1,1,1,8
2011,5,7,3,1,1,1,9
2011,5,7,3,1,1,1,10
2011,5,7,3,1,2,1,6
2011,5,7,3,1,2,1,8
2011,5,7,3,1,2,1,9
2011,15,7,4,1,1,1,6
2011,20,7,4,1,1,1,8
2011,20,7,4,1,1,1,9
2011,10,7,4,1,1,1,10
2011,20,7,4,1,2,1,6
2011,15,7,4,1,2,1,8
2011,25,7,4,1,2,1,9
2011,15,7,4,1,2,1,10
2011,10,8,1,1,1,1,7
2011,15,8,1,1,1,1,9
2011,5,8,1,1,1,1,10
2011,10,8,1,1,2,1,7
2011,20,8,1,1,2,1,9
2011,10,8,1,1,2,1,10
2011,5,8,2,1,1,1,7
2011,10,8,2,1,1,1,9
2011,5,8,2,1,2,1,7
2011,10,8,2,1,2,1,9
2011,15,8,4,1,1,1,7
2011,25,8,4,1,1,1,9
2011,5,8,4,1,1,1,10
2011,15,8,4,1,2,1,7
2011,30,8,4,1,2,1,9
2011,10,8,4,1,2,1,10
2011,30,9,1,1,1,1,1
2011,10,9,1,1,1,1,3
2011,10,9,1,1,1,1,4
2011,5,9,1,1,1,1,5
2011,50,9,1,1,1,1,6
2011,10,9,1,1,1,1,7
2011,125,9,1,1,1,1,8
2011,120,9,1,1,1,1,10
2011,5,9,1,1,1,1,11
2011,40,9,1,1,2,1,1
2011,5,9,1,1,2,1,2
2011,20,9,1,1,2,1,3
2011,15,9,1,1,2,1,4
2011,5,9,1,1,2,1,5
2011,60,9,1,1,2,1,6
2011,15,9,1,1,2,1,7
2011,115,9,1,1,2,1,8
2011,175,9,1,1,2,1,10
2011,10,9,1,1,2,1,11
2011,15,9,2,1,1,1,1
2011,5,9,2,1,1,1,2
2011,10,9,2,1,1,1,3
2011,5,9,2,1,1,1,4
2011,25,9,2,1,1,1,6
2011,10,9,2,1,1,1,7
2011,40,9,2,1,1,1,8
2011,60,9,2,1,1,1,10
2011,5,9,2,1,1,1,11
2011,15,9,2,1,2,1,1
2011,5,9,2,1,2,1,2
2011,10,9,2,1,2,1,3
2011,5,9,2,1,2,1,4
2011,25,9,2,1,2,1,6
2011,15,9,2,1,2,1,7
2011,40,9,2,1,2,1,8
2011,75,9,2,1,2,1,10
2011,5,9,3,1,1,1,8
2011,10,9,3,1,1,1,10
2011,5,9,3,1,2,1,6
2011,10,9,3,1,2,1,8
2011,20,9,3,1,2,1,10
2011,45,9,4,1,1,1,1
2011,5,9,4,1,1,1,2
2011,20,9,4,1,1,1,3
2011,15,9,4,1,1,1,4
2011,5,9,4,1,1,1,5
2011,75,9,4,1,1,1,6
2011,20,9,4,1,1,1,7
2011,170,9,4,1,1,1,8
2011,190,9,4,1,1,1,10
2011,10,9,4,1,1,1,11
2011,55,9,4,1,2,1,1
2011,10,9,4,1,2,1,2
2011,30,9,4,1,2,1,3
2011,20,9,4,1,2,1,4
2011,5,9,4,1,2,1,5
2011,90,9,4,1,2,1,6
2011,30,9,4,1,2,1,7
2011,165,9,4,1,2,1,8
2011,270,9,4,1,2,1,10
2011,10,9,4,1,2,1,11
2011,5,10,1,1,1,1,1
2011,15,10,1,1,1,1,6
2011,5,10,1,1,1,1,7
2011,25,10,1,1,1,1,8
2011,110,10,1,1,1,1,9
2011,5,10,1,1,1,1,11
2011,5,10,1,1,2,1,3
2011,5,10,1,1,2,1,5
2011,15,10,1,1,2,1,6
2011,5,10,1,1,2,1,7
2011,30,10,1,1,2,1,8
2011,160,10,1,1,2,1,9
2011,5,10,1,1,2,1,11
2011,5,10,2,1,1,1,6
2011,5,10,2,1,1,1,8
2011,30,10,2,1,1,1,9
2011,5,10,2,1,2,1,4
2011,10,10,2,1,2,1,6
2011,10,10,2,1,2,1,8
2011,45,10,2,1,2,1,9
2011,15,10,3,1,1,1,6
2011,5,10,3,1,1,1,8
2011,125,10,3,1,1,1,9
2011,5,10,3,1,2,1,3
2011,25,10,3,1,2,1,6
2011,5,10,3,1,2,1,7
2011,15,10,3,1,2,1,8
2011,170,10,3,1,2,1,9
2011,5,10,3,1,2,1,11
2011,5,10,4,1,1,1,1
2011,35,10,4,1,1,1,6
2011,5,10,4,1,1,1,7
2011,35,10,4,1,1,1,8
2011,265,10,4,1,1,1,9
2011,5,10,4,1,1,1,11
2011,10,10,4,1,2,1,3
2011,5,10,4,1,2,1,4
2011,5,10,4,1,2,1,5
2011,50,10,4,1,2,1,6
2011,10,10,4,1,2,1,7
2011,55,10,4,1,2,1,8
2011,375,10,4,1,2,1,9
2011,10,10,4,1,2,1,11
2011,10,11,1,1,1,1,9
2011,10,11,1,1,2,1,9
2011,5,11,2,1,2,1,9
2011,5,11,2,1,2,1,10
2011,10,11,4,1,1,1,9
2011,15,11,4,1,2,1,9
2011,5,11,4,1,2,1,10
2012,5,1,1,1,1,1,9
2012,5,1,1,1,2,1,9
2012,5,1,2,1,2,1,9
2012,5,1,4,1,1,1,9
2012,10,1,4,1,2,1,9
2012,5,2,1,1,1,1,6
2012,10,2,1,1,1,1,9
2012,5,2,1,1,1,1,11
2012,5,2,1,1,2,1,6
2012,15,2,1,1,2,1,9
2012,5,2,4,1,1,1,6
2012,10,2,4,1,1,1,9
2012,5,2,4,1,1,1,11
2012,5,2,4,1,2,1,6
2012,15,2,4,1,2,1,9
2012,5,3,1,1,1,1,1
2012,5,3,1,1,1,1,4
2012,15,3,1,1,1,1,9
2012,5,3,1,1,2,1,1
2012,5,3,1,1,2,1,4
2012,5,3,1,1,2,1,6
2012,5,3,1,1,2,1,8
2012,15,3,1,1,2,1,9
2012,10,3,2,1,1,1,9
2012,10,3,2,1,2,1,9
2012,5,3,2,1,2,1,10
2012,5,3,4,1,1,1,1
2012,5,3,4,1,1,1,4
2012,25,3,4,1,1,1,9
2012,5,3,4,1,2,1,1
2012,5,3,4,1,2,1,4
2012,5,3,4,1,2,1,6
2012,5,3,4,1,2,1,8
2012,25,3,4,1,2,1,9
2012,5,3,4,1,2,1,10
2012,5,4,1,1,1,1,3
2012,20,4,1,1,1,1,9
2012,5,4,1,1,2,1,3
2012,25,4,1,1,2,1,9
2012,5,4,2,1,1,1,5
2012,5,4,2,1,1,1,8
2012,5,4,2,1,1,1,9
2012,5,4,2,1,2,1,5
2012,5,4,2,1,2,1,8
2012,5,4,2,1,2,1,9
2012,5,4,4,1,1,1,3
2012,5,4,4,1,1,1,5
2012,5,4,4,1,1,1,8
2012,25,4,4,1,1,1,9
2012,5,4,4,1,2,1,3
2012,5,4,4,1,2,1,5
2012,5,4,4,1,2,1,8
2012,30,4,4,1,2,1,9
2012,5,5,1,1,1,1,6
2012,5,5,1,1,1,1,9
2012,5,5,1,1,1,1,10
2012,5,5,1,1,2,1,6
2012,10,5,1,1,2,1,9
2012,5,5,1,1,2,1,10
2012,5,5,1,1,2,1,11
2012,5,5,2,1,1,1,6
2012,5,5,2,1,2,1,6
2012,20,5,2,1,2,1,9
2012,5,5,3,1,1,1,6
2012,5,5,3,1,1,1,9
2012,5,5,3,1,1,1,11
2012,5,5,3,1,2,1,4
2012,10,5,3,1,2,1,6
2012,10,5,3,1,2,1,9
2012,5,5,3,1,2,1,10
2012,15,5,4,1,1,1,6
2012,10,5,4,1,1,1,9
2012,5,5,4,1,1,1,10
2012,5,5,4,1,1,1,11
2012,5,5,4,1,2,1,4
2012,20,5,4,1,2,1,6
2012,40,5,4,1,2,1,9
2012,10,5,4,1,2,1,10
2012,5,5,4,1,2,1,11
2012,20,6,1,1,1,1,5
2012,5,6,1,1,1,1,7
2012,5,6,1,1,1,1,8
2012,80,6,1,1,1,1,9
2012,30,6,1,1,1,1,10
2012,5,6,1,1,2,1,1
2012,5,6,1,1,2,1,2
2012,5,6,1,1,2,1,3
2012,25,6,1,1,2,1,5
2012,5,6,1,1,2,1,7
2012,10,6,1,1,2,1,8
2012,105,6,1,1,2,1,9
2012,40,6,1,1,2,1,10
2012,5,6,1,1,2,1,11
2012,5,6,2,1,1,1,2
2012,15,6,2,1,1,1,5
2012,5,6,2,1,1,1,8
2012,25,6,2,1,1,1,9
2012,5,6,2,1,1,1,10
2012,5,6,2,1,2,1,1
2012,5,6,2,1,2,1,3
2012,15,6,2,1,2,1,5
2012,5,6,2,1,2,1,8
2012,35,6,2,1,2,1,9
2012,5,6,2,1,2,1,10
2012,5,6,3,1,1,1,3
2012,5,6,3,1,1,1,4
2012,20,6,3,1,1,1,5
2012,5,6,3,1,1,1,7
2012,15,6,3,1,1,1,9
2012,5,6,3,1,1,1,10
2012,5,6,3,1,2,1,4
2012,20,6,3,1,2,1,5
2012,20,6,3,1,2,1,9
2012,10,6,3,1,2,1,10
2012,5,6,4,1,1,1,2
2012,5,6,4,1,1,1,3
2012,5,6,4,1,1,1,4
2012,55,6,4,1,1,1,5
2012,10,6,4,1,1,1,7
2012,10,6,4,1,1,1,8
2012,120,6,4,1,1,1,9
2012,40,6,4,1,1,1,10
2012,10,6,4,1,2,1,1
2012,5,6,4,1,2,1,2
2012,10,6,4,1,2,1,3
2012,5,6,4,1,2,1,4
2012,60,6,4,1,2,1,5
2012,5,6,4,1,2,1,7
2012,15,6,4,1,2,1,8
2012,160,6,4,1,2,1,9
2012,55,6,4,1,2,1,10
2012,5,6,4,1,2,1,11
2012,5,7,1,1,1,1,3
2012,10,7,1,1,1,1,8
2012,5,7,1,1,1,1,10
2012,15,7,1,1,2,1,8
2012,5,7,1,1,2,1,9
2012,10,7,1,1,2,1,10
2012,5,7,2,1,1,1,6
2012,5,7,2,1,1,1,8
2012,5,7,2,1,1,1,9
2012,5,7,2,1,2,1,6
2012,5,7,2,1,2,1,8
2012,5,7,2,1,2,1,9
2012,10,7,3,1,1,1,6
2012,5,7,3,1,1,1,8
2012,5,7,3,1,1,1,9
2012,10,7,3,1,2,1,6
2012,5,7,3,1,2,1,8
2012,5,7,3,1,2,1,9
2012,5,7,4,1,1,1,3
2012,15,7,4,1,1,1,6
2012,20,7,4,1,1,1,8
2012,10,7,4,1,1,1,9
2012,5,7,4,1,1,1,10
2012,15,7,4,1,2,1,6
2012,25,7,4,1,2,1,8
2012,15,7,4,1,2,1,9
2012,10,7,4,1,2,1,10
2012,5,8,1,1,1,1,6
2012,5,8,1,1,1,1,7
2012,30,8,1,1,1,1,9
2012,5,8,1,1,1,1,10
2012,10,8,1,1,2,1,6
2012,5,8,1,1,2,1,7
2012,25,8,1,1,2,1,9
2012,5,8,1,1,2,1,10
2012,10,8,2,1,1,1,9
2012,5,8,2,1,2,1,7
2012,10,8,2,1,2,1,9
2012,5,8,2,1,2,1,10
2012,5,8,3,1,2,1,9
2012,5,8,4,1,1,1,6
2012,5,8,4,1,1,1,7
2012,40,8,4,1,1,1,9
2012,5,8,4,1,1,1,10
2012,10,8,4,1,2,1,6
2012,10,8,4,1,2,1,7
2012,40,8,4,1,2,1,9
2012,10,8,4,1,2,1,10
2012,25,9,1,1,1,1,1
2012,10,9,1,1,1,1,3
2012,10,9,1,1,1,1,4
2012,10,9,1,1,1,1,5
2012,55,9,1,1,1,1,6
2012,10,9,1,1,1,1,7
2012,95,9,1,1,1,1,8
2012,120,9,1,1,1,1,10
2012,5,9,1,1,1,1,11
2012,25,9,1,1,2,1,1
2012,5,9,1,1,2,1,2
2012,20,9,1,1,2,1,3
2012,15,9,1,1,2,1,4
2012,10,9,1,1,2,1,5
2012,65,9,1,1,2,1,6
2012,10,9,1,1,2,1,7
2012,90,9,1,1,2,1,8
2012,155,9,1,1,2,1,10
2012,5,9,1,1,2,1,11
2012,15,9,2,1,1,1,1
2012,5,9,2,1,1,1,3
2012,10,9,2,1,1,1,4
2012,15,9,2,1,1,1,6
2012,5,9,2,1,1,1,7
2012,40,9,2,1,1,1,8
2012,50,9,2,1,1,1,10
2012,5,9,2,1,1,1,11
2012,15,9,2,1,2,1,1
2012,5,9,2,1,2,1,2
2012,5,9,2,1,2,1,3
2012,10,9,2,1,2,1,4
2012,25,9,2,1,2,1,6
2012,5,9,2,1,2,1,7
2012,35,9,2,1,2,1,8
2012,65,9,2,1,2,1,10
2012,5,9,2,1,2,1,11
2012,5,9,3,1,1,1,6
2012,5,9,3,1,1,1,8
2012,20,9,3,1,1,1,10
2012,5,9,3,1,2,1,3
2012,10,9,3,1,2,1,8
2012,25,9,3,1,2,1,10
2012,40,9,4,1,1,1,1
2012,15,9,4,1,1,1,3
2012,20,9,4,1,1,1,4
2012,10,9,4,1,1,1,5
2012,75,9,4,1,1,1,6
2012,15,9,4,1,1,1,7
2012,140,9,4,1,1,1,8
2012,190,9,4,1,1,1,10
2012,10,9,4,1,1,1,11
2012,40,9,4,1,2,1,1
2012,10,9,4,1,2,1,2
2012,30,9,4,1,2,1,3
2012,25,9,4,1,2,1,4
2012,10,9,4,1,2,1,5
2012,90,9,4,1,2,1,6
2012,15,9,4,1,2,1,7
2012,135,9,4,1,2,1,8
2012,245,9,4,1,2,1,10
2012,10,9,4,1,2,1,11
2012,5,10,1,1,1,1,5
2012,25,10,1,1,1,1,6
2012,5,10,1,1,1,1,8
2012,115,10,1,1,1,1,9
2012,5,10,1,1,1,1,11
2012,5,10,1,1,2,1,5
2012,20,10,1,1,2,1,6
2012,10,10,1,1,2,1,8
2012,140,10,1,1,2,1,9
2012,5,10,1,1,2,1,11
2012,5,10,2,1,1,1,3
2012,5,10,2,1,1,1,6
2012,5,10,2,1,1,1,8
2012,30,10,2,1,1,1,9
2012,5,10,2,1,2,1,6
2012,5,10,2,1,2,1,8
2012,30,10,2,1,2,1,9
2012,5,10,3,1,1,1,1
2012,10,10,3,1,1,1,6
2012,10,10,3,1,1,1,8
2012,125,10,3,1,1,1,9
2012,5,10,3,1,1,1,11
2012,5,10,3,1,2,1,3
2012,5,10,3,1,2,1,5
2012,20,10,3,1,2,1,6
2012,5,10,3,1,2,1,7
2012,10,10,3,1,2,1,8
2012,150,10,3,1,2,1,9
2012,5,10,3,1,2,1,11
2012,5,10,4,1,1,1,1
2012,5,10,4,1,1,1,3
2012,5,10,4,1,1,1,5
2012,40,10,4,1,1,1,6
2012,20,10,4,1,1,1,8
2012,270,10,4,1,1,1,9
2012,10,10,4,1,1,1,11
2012,5,10,4,1,2,1,3
2012,10,10,4,1,2,1,5
2012,45,10,4,1,2,1,6
2012,5,10,4,1,2,1,7
2012,25,10,4,1,2,1,8
2012,320,10,4,1,2,1,9
2012,10,10,4,1,2,1,11
2012,5,11,1,1,1,1,2
2012,5,11,1,1,1,1,9
2012,5,11,1,1,2,1,1
2012,5,11,1,1,2,1,3
2012,5,11,1,1,2,1,9
2012,5,11,4,1,1,1,2
2012,5,11,4,1,1,1,9
2012,5,11,4,1,2,1,1
2012,5,11,4,1,2,1,3
2012,5,11,4,1,2,1,9
2013,5,1,1,1,1,1,9
2013,5,1,1,1,1,1,11
2013,5,1,1,1,2,1,3
2013,5,1,1,1,2,1,6
2013,5,1,1,1,2,1,8
2013,10,1,1,1,2,1,9
2013,5,1,1,1,2,1,10
2013,5,1,1,1,2,1,11
2013,5,1,2,1,1,1,6
2013,5,1,2,1,1,1,9
2013,5,1,2,1,2,1,9
2013,5,1,4,1,1,1,6
2013,10,1,4,1,1,1,9
2013,5,1,4,1,1,1,11
2013,5,1,4,1,2,1,3
2013,5,1,4,1,2,1,6
2013,5,1,4,1,2,1,8
2013,15,1,4,1,2,1,9
2013,5,1,4,1,2,1,10
2013,5,1,4,1,2,1,11
2013,5,2,1,1,1,1,4
2013,5,2,1,1,1,1,9
2013,5,2,1,1,2,1,3
2013,5,2,1,1,2,1,4
2013,10,2,1,1,2,1,9
2013,5,2,4,1,1,1,4
2013,5,2,4,1,1,1,9
2013,5,2,4,1,2,1,3
2013,5,2,4,1,2,1,4
2013,10,2,4,1,2,1,9
2013,5,3,1,1,1,1,6
2013,20,3,1,1,1,1,9
2013,5,3,1,1,2,1,1
2013,5,3,1,1,2,1,4
2013,5,3,1,1,2,1,6
2013,20,3,1,1,2,1,9
2013,5,3,1,1,2,1,10
2013,5,3,2,1,1,1,4
2013,15,3,2,1,1,1,9
2013,5,3,2,1,1,1,10
2013,5,3,2,1,2,1,4
2013,5,3,2,1,2,1,8
2013,15,3,2,1,2,1,9
2013,5,3,4,1,1,1,4
2013,5,3,4,1,1,1,6
2013,35,3,4,1,1,1,9
2013,5,3,4,1,1,1,10
2013,5,3,4,1,2,1,1
2013,10,3,4,1,2,1,4
2013,5,3,4,1,2,1,6
2013,5,3,4,1,2,1,8
2013,35,3,4,1,2,1,9
2013,5,3,4,1,2,1,10
2013,5,4,1,1,1,1,3
2013,20,4,1,1,1,1,9
2013,5,4,1,1,1,1,10
2013,5,4,1,1,2,1,3
2013,5,4,1,1,2,1,8
2013,25,4,1,1,2,1,9
2013,5,4,1,1,2,1,11
2013,5,4,2,1,1,1,6
2013,10,4,2,1,1,1,9
2013,5,4,2,1,2,1,3
2013,10,4,2,1,2,1,9
2013,5,4,4,1,1,1,3
2013,5,4,4,1,1,1,6
2013,30,4,4,1,1,1,9
2013,5,4,4,1,1,1,10
2013,10,4,4,1,2,1,3
2013,5,4,4,1,2,1,8
2013,35,4,4,1,2,1,9
2013,5,4,4,1,2,1,11
2013,10,5,1,1,1,1,6
2013,20,5,1,1,1,1,9
2013,5,5,1,1,1,1,10
2013,5,5,1,1,2,1,4
2013,10,5,1,1,2,1,6
2013,20,5,1,1,2,1,9
2013,5,5,1,1,2,1,10
2013,5,5,2,1,1,1,4
2013,10,5,2,1,1,1,9
2013,5,5,2,1,2,1,6
2013,10,5,2,1,2,1,9
2013,5,5,3,1,1,1,3
2013,5,5,3,1,1,1,6
2013,5,5,3,1,1,1,9
2013,10,5,3,1,2,1,6
2013,10,5,3,1,2,1,9
2013,5,5,4,1,1,1,3
2013,5,5,4,1,1,1,4
2013,15,5,4,1,1,1,6
2013,35,5,4,1,1,1,9
2013,5,5,4,1,1,1,10
2013,5,5,4,1,2,1,4
2013,25,5,4,1,2,1,6
2013,40,5,4,1,2,1,9
2013,5,5,4,1,2,1,10
2013,5,6,1,1,1,1,3
2013,35,6,1,1,1,1,5
2013,10,6,1,1,1,1,8
2013,80,6,1,1,1,1,9
2013,30,6,1,1,1,1,10
2013,5,6,1,1,1,1,11
2013,5,6,1,1,2,1,2
2013,5,6,1,1,2,1,3
2013,35,6,1,1,2,1,5
2013,5,6,1,1,2,1,7
2013,10,6,1,1,2,1,8
2013,65,6,1,1,2,1,9
2013,35,6,1,1,2,1,10
2013,5,6,2,1,1,1,1
2013,5,6,2,1,1,1,3
2013,15,6,2,1,1,1,5
2013,30,6,2,1,1,1,9
2013,15,6,2,1,1,1,10
2013,5,6,2,1,2,1,1
2013,5,6,2,1,2,1,3
2013,15,6,2,1,2,1,5
2013,25,6,2,1,2,1,9
2013,10,6,2,1,2,1,10
2013,70,6,3,1,1,1,5
2013,5,6,3,1,1,1,7
2013,5,6,3,1,1,1,8
2013,25,6,3,1,1,1,9
2013,10,6,3,1,1,1,10
2013,5,6,3,1,2,1,3
2013,75,6,3,1,2,1,5
2013,5,6,3,1,2,1,8
2013,35,6,3,1,2,1,9
2013,15,6,3,1,2,1,10
2013,5,6,3,1,2,1,11
2013,5,6,4,1,1,1,1
2013,10,6,4,1,1,1,3
2013,120,6,4,1,1,1,5
2013,5,6,4,1,1,1,7
2013,15,6,4,1,1,1,8
2013,135,6,4,1,1,1,9
2013,55,6,4,1,1,1,10
2013,5,6,4,1,1,1,11
2013,5,6,4,1,2,1,1
2013,5,6,4,1,2,1,2
2013,15,6,4,1,2,1,3
2013,125,6,4,1,2,1,5
2013,5,6,4,1,2,1,7
2013,15,6,4,1,2,1,8
2013,125,6,4,1,2,1,9
2013,60,6,4,1,2,1,10
2013,5,6,4,1,2,1,11
2013,10,7,1,1,1,1,6
2013,10,7,1,1,1,1,8
2013,10,7,1,1,1,1,9
2013,10,7,1,1,1,1,10
2013,10,7,1,1,2,1,6
2013,5,7,1,1,2,1,8
2013,10,7,1,1,2,1,9
2013,10,7,1,1,2,1,10
2013,5,7,2,1,2,1,6
2013,5,7,2,1,2,1,8
2013,5,7,2,1,2,1,9
2013,5,7,3,1,1,1,6
2013,5,7,3,1,1,1,8
2013,5,7,3,1,1,1,9
2013,5,7,3,1,1,1,11
2013,10,7,3,1,2,1,6
2013,5,7,3,1,2,1,8
2013,5,7,3,1,2,1,9
2013,5,7,3,1,2,1,10
2013,15,7,4,1,1,1,6
2013,15,7,4,1,1,1,8
2013,15,7,4,1,1,1,9
2013,10,7,4,1,1,1,10
2013,5,7,4,1,1,1,11
2013,25,7,4,1,2,1,6
2013,15,7,4,1,2,1,8
2013,20,7,4,1,2,1,9
2013,15,7,4,1,2,1,10
2013,5,8,1,1,1,1,6
2013,5,8,1,1,1,1,7
2013,20,8,1,1,1,1,9
2013,15,8,1,1,1,1,10
2013,5,8,1,1,2,1,6
2013,10,8,1,1,2,1,7
2013,25,8,1,1,2,1,9
2013,25,8,1,1,2,1,10
2013,5,8,2,1,1,1,9
2013,5,8,2,1,2,1,6
2013,5,8,2,1,2,1,9
2013,5,8,2,1,2,1,10
2013,5,8,4,1,1,1,6
2013,5,8,4,1,1,1,7
2013,25,8,4,1,1,1,9
2013,15,8,4,1,1,1,10
2013,10,8,4,1,2,1,6
2013,10,8,4,1,2,1,7
2013,30,8,4,1,2,1,9
2013,30,8,4,1,2,1,10
2013,20,9,1,1,1,1,1
2013,5,9,1,1,1,1,2
2013,5,9,1,1,1,1,3
2013,10,9,1,1,1,1,4
2013,40,9,1,1,1,1,6
2013,5,9,1,1,1,1,7
2013,70,9,1,1,1,1,8
2013,95,9,1,1,1,1,10
2013,5,9,1,1,1,1,11
2013,15,9,1,1,2,1,1
2013,5,9,1,1,2,1,2
2013,15,9,1,1,2,1,3
2013,10,9,1,1,2,1,4
2013,5,9,1,1,2,1,5
2013,65,9,1,1,2,1,6
2013,5,9,1,1,2,1,7
2013,80,9,1,1,2,1,8
2013,165,9,1,1,2,1,10
2013,5,9,1,1,2,1,11
2013,15,9,2,1,1,1,1
2013,5,9,2,1,1,1,3
2013,10,9,2,1,1,1,4
2013,5,9,2,1,1,1,5
2013,15,9,2,1,1,1,6
2013,10,9,2,1,1,1,7
2013,30,9,2,1,1,1,8
2013,50,9,2,1,1,1,10
2013,15,9,2,1,2,1,1
2013,10,9,2,1,2,1,3
2013,15,9,2,1,2,1,4
2013,5,9,2,1,2,1,5
2013,25,9,2,1,2,1,6
2013,10,9,2,1,2,1,7
2013,40,9,2,1,2,1,8
2013,75,9,2,1,2,1,10
2013,5,9,2,1,2,1,11
2013,10,9,3,1,1,1,1
2013,5,9,3,1,1,1,2
2013,10,9,3,1,1,1,8
2013,25,9,3,1,1,1,10
2013,10,9,3,1,2,1,1
2013,5,9,3,1,2,1,2
2013,5,9,3,1,2,1,3
2013,5,9,3,1,2,1,6
2013,5,9,3,1,2,1,7
2013,5,9,3,1,2,1,8
2013,25,9,3,1,2,1,10
2013,45,9,4,1,1,1,1
2013,10,9,4,1,1,1,2
2013,10,9,4,1,1,1,3
2013,20,9,4,1,1,1,4
2013,5,9,4,1,1,1,5
2013,55,9,4,1,1,1,6
2013,15,9,4,1,1,1,7
2013,110,9,4,1,1,1,8
2013,170,9,4,1,1,1,10
2013,5,9,4,1,1,1,11
2013,40,9,4,1,2,1,1
2013,10,9,4,1,2,1,2
2013,30,9,4,1,2,1,3
2013,25,9,4,1,2,1,4
2013,10,9,4,1,2,1,5
2013,95,9,4,1,2,1,6
2013,20,9,4,1,2,1,7
2013,125,9,4,1,2,1,8
2013,265,9,4,1,2,1,10
2013,10,9,4,1,2,1,11
2013,5,10,1,1,1,1,4
2013,20,10,1,1,1,1,6
2013,5,10,1,1,1,1,7
2013,10,10,1,1,1,1,8
2013,95,10,1,1,1,1,9
2013,5,10,1,1,1,1,11
2013,20,10,1,1,2,1,6
2013,10,10,1,1,2,1,8
2013,95,10,1,1,2,1,9
2013,5,10,1,1,2,1,11
2013,5,10,2,1,1,1,6
2013,5,10,2,1,1,1,7
2013,5,10,2,1,1,1,8
2013,30,10,2,1,1,1,9
2013,5,10,2,1,2,1,6
2013,5,10,2,1,2,1,7
2013,30,10,2,1,2,1,9
2013,5,10,3,1,1,1,6
2013,5,10,3,1,1,1,8
2013,85,10,3,1,1,1,9
2013,5,10,3,1,1,1,11
2013,5,10,3,1,2,1,3
2013,5,10,3,1,2,1,5
2013,15,10,3,1,2,1,6
2013,5,10,3,1,2,1,8
2013,90,10,3,1,2,1,9
2013,5,10,3,1,2,1,11
2013,5,10,4,1,1,1,4
2013,30,10,4,1,1,1,6
2013,10,10,4,1,1,1,7
2013,20,10,4,1,1,1,8
2013,210,10,4,1,1,1,9
2013,10,10,4,1,1,1,11
2013,5,10,4,1,2,1,3
2013,5,10,4,1,2,1,5
2013,40,10,4,1,2,1,6
2013,5,10,4,1,2,1,7
2013,15,10,4,1,2,1,8
2013,215,10,4,1,2,1,9
2013,10,10,4,1,2,1,11
2013,5,11,1,1,1,1,9
2013,5,11,1,1,1,1,10
2013,5,11,1,1,2,1,9
2013,5,11,4,1,1,1,9
2013,5,11,4,1,1,1,10
2013,5,11,4,1,2,1,9
2014,5,1,1,1,1,1,9
2014,10,1,1,1,2,1,3
2014,5,1,1,1,2,1,6
2014,10,1,1,1,2,1,9
2014,5,1,1,1,2,1,10
2014,5,1,2,1,1,1,9
2014,10,1,4,1,1,1,9
2014,10,1,4,1,2,1,3
2014,5,1,4,1,2,1,6
2014,10,1,4,1,2,1,9
2014,5,1,4,1,2,1,10
2014,5,2,1,1,1,1,3
2014,5,2,1,1,1,1,9
2014,5,2,1,1,2,1,4
2014,5,2,1,1,2,1,8
2014,5,2,4,1,1,1,3
2014,5,2,4,1,1,1,9
2014,5,2,4,1,2,1,4
2014,5,2,4,1,2,1,8
2014,5,3,1,1,1,1,6
2014,5,3,1,1,1,1,8
2014,20,3,1,1,1,1,9
2014,5,3,1,1,2,1,4
2014,5,3,1,1,2,1,6
2014,5,3,1,1,2,1,8
2014,20,3,1,1,2,1,9
2014,5,3,1,1,2,1,10
2014,5,3,1,1,2,1,11
2014,5,3,2,1,1,1,1
2014,10,3,2,1,1,1,9
2014,5,3,2,1,1,1,10
2014,10,3,2,1,2,1,9
2014,5,3,4,1,1,1,1
2014,5,3,4,1,1,1,6
2014,5,3,4,1,1,1,8
2014,30,3,4,1,1,1,9
2014,5,3,4,1,1,1,10
2014,5,3,4,1,2,1,4
2014,5,3,4,1,2,1,6
2014,5,3,4,1,2,1,8
2014,30,3,4,1,2,1,9
2014,5,3,4,1,2,1,10
2014,5,3,4,1,2,1,11
2014,5,4,1,1,1,1,5
2014,5,4,1,1,1,1,6
2014,20,4,1,1,1,1,9
2014,5,4,1,1,1,1,10
2014,10,4,1,1,2,1,3
2014,5,4,1,1,2,1,5
2014,15,4,1,1,2,1,9
2014,5,4,2,1,1,1,9
2014,5,4,2,1,2,1,9
2014,5,4,3,1,2,1,10
2014,5,4,4,1,1,1,5
2014,5,4,4,1,1,1,6
2014,25,4,4,1,1,1,9
2014,5,4,4,1,1,1,10
2014,10,4,4,1,2,1,3
2014,5,4,4,1,2,1,5
2014,20,4,4,1,2,1,9
2014,5,4,4,1,2,1,10
2014,5,5,1,1,1,1,4
2014,10,5,1,1,1,1,9
2014,5,5,1,1,1,1,10
2014,5,5,1,1,2,1,6
2014,10,5,1,1,2,1,9
2014,5,5,1,1,2,1,10
2014,10,5,2,1,1,1,6
2014,10,5,2,1,1,1,9
2014,5,5,2,1,2,1,6
2014,10,5,2,1,2,1,9
2014,5,5,2,1,2,1,10
2014,5,5,3,1,1,1,4
2014,15,5,3,1,1,1,6
2014,5,5,3,1,1,1,7
2014,5,5,3,1,1,1,9
2014,5,5,3,1,2,1,4
2014,25,5,3,1,2,1,6
2014,5,5,3,1,2,1,7
2014,10,5,3,1,2,1,9
2014,10,5,4,1,1,1,4
2014,25,5,4,1,1,1,6
2014,5,5,4,1,1,1,7
2014,25,5,4,1,1,1,9
2014,5,5,4,1,1,1,10
2014,5,5,4,1,2,1,4
2014,35,5,4,1,2,1,6
2014,5,5,4,1,2,1,7
2014,30,5,4,1,2,1,9
2014,10,5,4,1,2,1,10
2014,5,6,1,1,1,1,1
2014,10,6,1,1,1,1,3
2014,5,6,1,1,1,1,4
2014,40,6,1,1,1,1,5
2014,5,6,1,1,1,1,7
2014,5,6,1,1,1,1,8
2014,55,6,1,1,1,1,9
2014,25,6,1,1,1,1,10
2014,5,6,1,1,1,1,11
2014,5,6,1,1,2,1,1
2014,10,6,1,1,2,1,3
2014,5,6,1,1,2,1,4
2014,45,6,1,1,2,1,5
2014,10,6,1,1,2,1,7
2014,5,6,1,1,2,1,8
2014,50,6,1,1,2,1,9
2014,40,6,1,1,2,1,10
2014,5,6,1,1,2,1,11
2014,5,6,2,1,1,1,3
2014,25,6,2,1,1,1,5
2014,5,6,2,1,1,1,8
2014,30,6,2,1,1,1,9
2014,15,6,2,1,1,1,10
2014,5,6,2,1,2,1,3
2014,25,6,2,1,2,1,5
2014,5,6,2,1,2,1,8
2014,20,6,2,1,2,1,9
2014,20,6,2,1,2,1,10
2014,40,6,3,1,1,1,5
2014,10,6,3,1,1,1,9
2014,5,6,3,1,1,1,10
2014,5,6,3,1,2,1,1
2014,5,6,3,1,2,1,3
2014,50,6,3,1,2,1,5
2014,5,6,3,1,2,1,8
2014,10,6,3,1,2,1,9
2014,10,6,3,1,2,1,10
2014,5,6,4,1,1,1,1
2014,15,6,4,1,1,1,3
2014,5,6,4,1,1,1,4
2014,105,6,4,1,1,1,5
2014,5,6,4,1,1,1,7
2014,10,6,4,1,1,1,8
2014,95,6,4,1,1,1,9
2014,45,6,4,1,1,1,10
2014,5,6,4,1,1,1,11
2014,10,6,4,1,2,1,1
2014,20,6,4,1,2,1,3
2014,5,6,4,1,2,1,4
2014,120,6,4,1,2,1,5
2014,10,6,4,1,2,1,7
2014,15,6,4,1,2,1,8
2014,80,6,4,1,2,1,9
2014,70,6,4,1,2,1,10
2014,5,6,4,1,2,1,11
2014,5,7,1,1,1,1,6
2014,5,7,1,1,1,1,8
2014,10,7,1,1,1,1,9
2014,10,7,1,1,1,1,10
2014,5,7,1,1,2,1,3
2014,5,7,1,1,2,1,6
2014,5,7,1,1,2,1,8
2014,10,7,1,1,2,1,9
2014,10,7,1,1,2,1,10
2014,5,7,2,1,1,1,8
2014,5,7,2,1,1,1,9
2014,5,7,2,1,2,1,6
2014,5,7,2,1,2,1,8
2014,5,7,2,1,2,1,9
2014,5,7,2,1,2,1,10
2014,5,7,3,1,1,1,3
2014,5,7,3,1,1,1,6
2014,5,7,3,1,1,1,10
2014,5,7,3,1,2,1,6
2014,5,7,3,1,2,1,9
2014,5,7,3,1,2,1,10
2014,5,7,4,1,1,1,3
2014,10,7,4,1,1,1,6
2014,10,7,4,1,1,1,8
2014,15,7,4,1,1,1,9
2014,15,7,4,1,1,1,10
2014,5,7,4,1,2,1,3
2014,15,7,4,1,2,1,6
2014,10,7,4,1,2,1,8
2014,20,7,4,1,2,1,9
2014,20,7,4,1,2,1,10
2014,10,8,1,1,1,1,7
2014,25,8,1,1,1,1,9
2014,10,8,1,1,1,1,10
2014,5,8,1,1,2,1,6
2014,10,8,1,1,2,1,7
2014,30,8,1,1,2,1,9
2014,20,8,1,1,2,1,10
2014,5,8,2,1,1,1,9
2014,5,8,2,1,2,1,6
2014,10,8,2,1,2,1,9
2014,5,8,2,1,2,1,10
2014,10,8,4,1,1,1,7
2014,30,8,4,1,1,1,9
2014,10,8,4,1,1,1,10
2014,10,8,4,1,2,1,6
2014,10,8,4,1,2,1,7
2014,40,8,4,1,2,1,9
2014,25,8,4,1,2,1,10
2014,15,9,1,1,1,1,1
2014,15,9,1,1,1,1,3
2014,10,9,1,1,1,1,4
2014,5,9,1,1,1,1,5
2014,40,9,1,1,1,1,6
2014,5,9,1,1,1,1,7
2014,90,9,1,1,1,1,8
2014,115,9,1,1,1,1,10
2014,5,9,1,1,1,1,11
2014,15,9,1,1,2,1,1
2014,25,9,1,1,2,1,3
2014,20,9,1,1,2,1,4
2014,60,9,1,1,2,1,6
2014,15,9,1,1,2,1,7
2014,90,9,1,1,2,1,8
2014,185,9,1,1,2,1,10
2014,5,9,1,1,2,1,11
2014,10,9,2,1,1,1,1
2014,5,9,2,1,1,1,2
2014,5,9,2,1,1,1,3
2014,5,9,2,1,1,1,4
2014,20,9,2,1,1,1,6
2014,5,9,2,1,1,1,7
2014,45,9,2,1,1,1,8
2014,90,9,2,1,1,1,10
2014,15,9,2,1,2,1,1
2014,10,9,2,1,2,1,3
2014,5,9,2,1,2,1,4
2014,5,9,2,1,2,1,5
2014,30,9,2,1,2,1,6
2014,5,9,2,1,2,1,7
2014,45,9,2,1,2,1,8
2014,100,9,2,1,2,1,10
2014,5,9,2,1,2,1,11
2014,5,9,3,1,1,1,4
2014,5,9,3,1,1,1,5
2014,5,9,3,1,1,1,6
2014,5,9,3,1,1,1,8
2014,35,9,3,1,1,1,10
2014,5,9,3,1,2,1,2
2014,5,9,3,1,2,1,5
2014,10,9,3,1,2,1,6
2014,10,9,3,1,2,1,8
2014,35,9,3,1,2,1,10
2014,25,9,4,1,1,1,1
2014,5,9,4,1,1,1,2
2014,20,9,4,1,1,1,3
2014,20,9,4,1,1,1,4
2014,10,9,4,1,1,1,5
2014,65,9,4,1,1,1,6
2014,10,9,4,1,1,1,7
2014,140,9,4,1,1,1,8
2014,240,9,4,1,1,1,10
2014,5,9,4,1,1,1,11
2014,30,9,4,1,2,1,1
2014,5,9,4,1,2,1,2
2014,35,9,4,1,2,1,3
2014,25,9,4,1,2,1,4
2014,10,9,4,1,2,1,5
2014,100,9,4,1,2,1,6
2014,20,9,4,1,2,1,7
2014,145,9,4,1,2,1,8
2014,320,9,4,1,2,1,10
2014,10,9,4,1,2,1,11
2014,10,10,1,1,1,1,6
2014,5,10,1,1,1,1,7
2014,5,10,1,1,1,1,8
2014,80,10,1,1,1,1,9
2014,5,10,1,1,1,1,11
2014,5,10,1,1,2,1,4
2014,20,10,1,1,2,1,6
2014,5,10,1,1,2,1,7
2014,5,10,1,1,2,1,8
2014,70,10,1,1,2,1,9
2014,5,10,1,1,2,1,11
2014,35,10,2,1,1,1,9
2014,5,10,2,1,2,1,6
2014,40,10,2,1,2,1,9
2014,5,10,3,1,1,1,5
2014,10,10,3,1,1,1,6
2014,5,10,3,1,1,1,8
2014,50,10,3,1,1,1,9
2014,5,10,3,1,2,1,3
2014,5,10,3,1,2,1,4
2014,20,10,3,1,2,1,6
2014,5,10,3,1,2,1,8
2014,55,10,3,1,2,1,9
2014,5,10,3,1,2,1,11
2014,5,10,4,1,1,1,5
2014,20,10,4,1,1,1,6
2014,5,10,4,1,1,1,7
2014,10,10,4,1,1,1,8
2014,165,10,4,1,1,1,9
2014,5,10,4,1,1,1,11
2014,5,10,4,1,2,1,3
2014,10,10,4,1,2,1,4
2014,45,10,4,1,2,1,6
2014,5,10,4,1,2,1,7
2014,10,10,4,1,2,1,8
2014,165,10,4,1,2,1,9
2014,10,10,4,1,2,1,11
2014,5,11,1,1,1,1,9
2014,10,11,1,1,1,1,10
2014,5,11,1,1,2,1,2
2014,5,11,1,1,2,1,6
2014,5,11,1,1,2,1,9
2014,5,11,1,1,2,1,10
2014,5,11,2,1,1,1,10
2014,5,11,4,1,1,1,9
2014,15,11,4,1,1,1,10
2014,5,11,4,1,2,1,2
2014,5,11,4,1,2,1,6
2014,5,11,4,1,2,1,9
2014,5,11,4,1,2,1,10
2015,5,1,1,1,1,1,3
2015,5,1,1,1,1,1,6
2015,5,1,1,1,1,1,9
2015,5,1,1,1,1,1,10
2015,5,1,4,1,1,1,3
2015,5,1,4,1,1,1,6
2015,5,1,4,1,1,1,9
2015,5,1,4,1,1,1,10
2015,10,2,1,1,1,1,3
2015,5,2,1,1,1,1,6
2015,5,2,1,1,1,1,8
2015,5,2,1,1,1,1,11
2015,10,2,4,1,1,1,3
2015,5,2,4,1,1,1,6
2015,5,2,4,1,1,1,8
2015,5,2,4,1,1,1,11
2015,5,3,1,1,1,1,6
2015,10,3,1,1,1,1,9
2015,5,3,2,1,1,1,9
2015,5,3,4,1,1,1,6
2015,15,3,4,1,1,1,9
2015,5,4,1,1,1,1,2
2015,5,4,1,1,1,1,3
2015,5,4,1,1,1,1,5
2015,10,4,1,1,1,1,9
2015,5,4,2,1,1,1,9
2015,5,4,2,1,1,1,10
2015,5,4,4,1,1,1,2
2015,10,4,4,1,1,1,3
2015,5,4,4,1,1,1,5
2015,15,4,4,1,1,1,9
2015,5,4,4,1,1,1,10
2015,10,5,1,1,1,1,6
2015,10,5,1,1,1,1,9
2015,5,5,1,1,1,1,10
2015,5,5,2,1,1,1,4
2015,5,5,2,1,1,1,9
2015,10,5,3,1,1,1,6
2015,5,5,3,1,1,1,9
2015,5,5,4,1,1,1,4
2015,20,5,4,1,1,1,6
2015,20,5,4,1,1,1,9
2015,5,5,4,1,1,1,10
2015,5,6,1,1,1,1,1
2015,5,6,1,1,1,1,3
2015,35,6,1,1,1,1,5
2015,5,6,1,1,1,1,8
2015,25,6,1,1,1,1,9
2015,35,6,1,1,1,1,10
2015,5,6,2,1,1,1,3
2015,15,6,2,1,1,1,5
2015,5,6,2,1,1,1,8
2015,10,6,2,1,1,1,9
2015,5,6,2,1,1,1,10
2015,15,6,3,1,1,1,5
2015,5,6,3,1,1,1,9
2015,5,6,3,1,1,1,10
2015,5,6,4,1,1,1,1
2015,10,6,4,1,1,1,3
2015,65,6,4,1,1,1,5
2015,10,6,4,1,1,1,8
2015,40,6,4,1,1,1,9
2015,45,6,4,1,1,1,10
2015,5,7,1,1,1,1,8
2015,10,7,1,1,1,1,9
2015,5,7,1,1,1,1,10
2015,5,7,2,1,1,1,6
2015,10,7,2,1,1,1,8
2015,5,7,3,1,1,1,6
2015,5,7,3,1,1,1,9
2015,10,7,4,1,1,1,6
2015,15,7,4,1,1,1,8
2015,15,7,4,1,1,1,9
2015,5,7,4,1,1,1,10
2015,5,8,1,1,1,1,6
2015,5,8,1,1,1,1,7
2015,15,8,1,1,1,1,9
2015,15,8,1,1,1,1,10
2015,5,8,2,1,1,1,7
2015,10,8,2,1,1,1,9
2015,5,8,2,1,1,1,10
2015,5,8,3,1,1,1,10
2015,5,8,4,1,1,1,6
2015,10,8,4,1,1,1,7
2015,25,8,4,1,1,1,9
2015,25,8,4,1,1,1,10
2015,25,9,1,1,1,1,1
2015,10,9,1,1,1,1,3
2015,15,9,1,1,1,1,4
2015,5,9,1,1,1,1,5
2015,70,9,1,1,1,1,6
2015,10,9,1,1,1,1,7
2015,95,9,1,1,1,1,8
2015,175,9,1,1,1,1,10
2015,10,9,1,1,1,1,11
2015,5,9,2,1,1,1,1
2015,10,9,2,1,1,1,3
2015,5,9,2,1,1,1,4
2015,5,9,2,1,1,1,5
2015,30,9,2,1,1,1,6
2015,5,9,2,1,1,1,7
2015,35,9,2,1,1,1,8
2015,95,9,2,1,1,1,10
2015,5,9,2,1,1,1,11
2015,5,9,3,1,1,1,4
2015,10,9,3,1,1,1,6
2015,5,9,3,1,1,1,7
2015,15,9,3,1,1,1,8
2015,25,9,3,1,1,1,10
2015,30,9,4,1,1,1,1
2015,20,9,4,1,1,1,3
2015,25,9,4,1,1,1,4
2015,10,9,4,1,1,1,5
2015,110,9,4,1,1,1,6
2015,20,9,4,1,1,1,7
2015,145,9,4,1,1,1,8
2015,295,9,4,1,1,1,10
2015,15,9,4,1,1,1,11
2015,5,10,1,1,1,1,3
2015,5,10,1,1,1,1,5
2015,15,10,1,1,1,1,6
2015,5,10,1,1,1,1,7
2015,5,10,1,1,1,1,8
2015,70,10,1,1,1,1,9
2015,5,10,2,1,1,1,6
2015,5,10,2,1,1,1,7
2015,5,10,2,1,1,1,8
2015,30,10,2,1,1,1,9
2015,10,10,3,1,1,1,6
2015,5,10,3,1,1,1,8
2015,25,10,3,1,1,1,9
2015,5,10,4,1,1,1,3
2015,5,10,4,1,1,1,5
2015,30,10,4,1,1,1,6
2015,10,10,4,1,1,1,7
2015,15,10,4,1,1,1,8
2015,125,10,4,1,1,1,9
2015,10,11,1,1,1,1,9
2015,5,11,1,1,1,1,10
2015,5,11,2,1,1,1,10
2015,10,11,4,1,1,1,9
2015,10,11,4,1,1,1,10
2016,5,1,1,1,1,1,3
2016,5,1,1,1,1,1,6
2016,15,1,1,1,1,1,9
2016,5,1,2,1,1,1,9
2016,5,1,4,1,1,1,3
2016,5,1,4,1,1,1,6
2016,20,1,4,1,1,1,9
2016,5,2,1,1,1,1,9
2016,5,2,4,1,1,1,9
2016,10,3,1,1,1,1,6
2016,15,3,1,1,1,1,9
2016,5,3,1,1,1,1,10
2016,5,3,2,1,1,1,4
2016,5,3,2,1,1,1,9
2016,5,3,4,1,1,1,4
2016,10,3,4,1,1,1,6
2016,20,3,4,1,1,1,9
2016,5,3,4,1,1,1,10
2016,5,4,1,1,1,1,3
2016,5,4,1,1,1,1,5
2016,10,4,1,1,1,1,9
2016,5,4,2,1,1,1,9
2016,5,4,4,1,1,1,3
2016,5,4,4,1,1,1,5
2016,15,4,4,1,1,1,9
2016,10,5,1,1,1,1,4
2016,5,5,1,1,1,1,6
2016,5,5,1,1,1,1,9
2016,5,5,2,1,1,1,6
2016,5,5,2,1,1,1,9
2016,5,5,3,1,1,1,6
2016,5,5,3,1,1,1,9
2016,10,5,4,1,1,1,4
2016,15,5,4,1,1,1,6
2016,15,5,4,1,1,1,9
2016,5,6,1,1,1,1,3
2016,5,6,1,1,1,1,4
2016,35,6,1,1,1,1,5
2016,25,6,1,1,1,1,9
2016,25,6,1,1,1,1,10
2016,5,6,1,1,1,1,11
2016,5,6,2,1,1,1,1
2016,15,6,2,1,1,1,5
2016,5,6,2,1,1,1,9
2016,10,6,2,1,1,1,10
2016,20,6,3,1,1,1,5
2016,5,6,3,1,1,1,7
2016,5,6,3,1,1,1,10
2016,5,6,4,1,1,1,1
2016,5,6,4,1,1,1,3
2016,5,6,4,1,1,1,4
2016,70,6,4,1,1,1,5
2016,5,6,4,1,1,1,7
2016,30,6,4,1,1,1,9
2016,40,6,4,1,1,1,10
2016,5,6,4,1,1,1,11
2016,5,7,1,1,1,1,1
2016,5,7,1,1,1,1,6
2016,5,7,1,1,1,1,8
2016,5,7,1,1,1,1,9
2016,5,7,1,1,1,1,10
2016,5,7,2,1,1,1,6
2016,5,7,2,1,1,1,9
2016,5,7,3,1,1,1,6
2016,5,7,3,1,1,1,8
2016,5,7,3,1,1,1,10
2016,5,7,4,1,1,1,1
2016,15,7,4,1,1,1,6
2016,10,7,4,1,1,1,8
2016,10,7,4,1,1,1,9
2016,10,7,4,1,1,1,10
2016,10,8,1,1,1,1,6
2016,10,8,1,1,1,1,7
2016,10,8,1,1,1,1,9
2016,20,8,1,1,1,1,10
2016,5,8,2,1,1,1,6
2016,10,8,2,1,1,1,9
2016,5,8,2,1,1,1,10
2016,15,8,4,1,1,1,6
2016,10,8,4,1,1,1,7
2016,20,8,4,1,1,1,9
2016,25,8,4,1,1,1,10
2016,10,9,1,1,1,1,1
2016,5,9,1,1,1,1,2
2016,35,9,1,1,1,1,3
2016,20,9,1,1,1,1,4
2016,10,9,1,1,1,1,5
2016,95,9,1,1,1,1,6
2016,15,9,1,1,1,1,7
2016,90,9,1,1,1,1,8
2016,240,9,1,1,1,1,10
2016,5,9,1,1,1,1,11
2016,10,9,2,1,1,1,1
2016,15,9,2,1,1,1,3
2016,10,9,2,1,1,1,4
2016,5,9,2,1,1,1,5
2016,40,9,2,1,1,1,6
2016,10,9,2,1,1,1,7
2016,25,9,2,1,1,1,8
2016,120,9,2,1,1,1,10
2016,5,9,2,1,1,1,11
2016,5,9,3,1,1,1,6
2016,10,9,3,1,1,1,10
2016,20,9,4,1,1,1,1
2016,5,9,4,1,1,1,2
2016,50,9,4,1,1,1,3
2016,30,9,4,1,1,1,4
2016,15,9,4,1,1,1,5
2016,140,9,4,1,1,1,6
2016,25,9,4,1,1,1,7
2016,115,9,4,1,1,1,8
2016,370,9,4,1,1,1,10
2016,10,9,4,1,1,1,11
2016,5,10,1,1,1,1,3
2016,5,10,1,1,1,1,4
2016,10,10,1,1,1,1,6
2016,5,10,1,1,1,1,8
2016,45,10,1,1,1,1,9
2016,5,10,1,1,1,1,11
2016,5,10,2,1,1,1,5
2016,5,10,2,1,1,1,6
2016,10,10,2,1,1,1,9
2016,5,10,3,1,1,1,6
2016,25,10,3,1,1,1,9
2016,5,10,4,1,1,1,3
2016,5,10,4,1,1,1,4
2016,5,10,4,1,1,1,5
2016,20,10,4,1,1,1,6
2016,5,10,4,1,1,1,8
2016,80,10,4,1,1,1,9
2016,5,10,4,1,1,1,11
